,0,1,2,3,4,5,6
0,oddish,1055,4,4,0,0,1.0
1,charmander,1250,40,40,0,0,1.0
2,,1000,312,100,100,112,0.320513
3,null,1000,48,24,24,0,0.5
4,GoldenInfernape M,1000,4,0,0,4,0.0
5,DarkGlaceon M,1000,4,0,0,4,0.0
6,GoldenPumpkaboo (Large) F,1103,12,8,0,4,0.666667
7,Fletchling F,1060,8,4,0,4,0.5
8,GoldenZoroark M,1046,8,4,0,4,0.5
9,Marill F,1000,4,0,0,4,0.0
10,DarkExeggutor (Alola) M,1000,4,0,0,4,0.0
11,DarkAbsol M,991,8,0,0,8,0.0
12,DarkNidoranM M,944,4,0,4,0,0.0
13,DarkGrumpig M,944,4,0,4,0,0.0
14,GoldenTreecko F,944,4,0,4,0,0.0
15,GoldenMagnemite U,896,8,0,8,0,0.0
16,Weavile M,944,4,0,4,0,0.0
17,Slowpoke U,1000,4,0,0,4,0.0
18,ShinyAegislash (Blade) F,1000,4,0,0,4,0.0
19,GoldenScyther M,1141,12,12,0,0,1.0
20,Cinccino M,994,8,4,4,0,0.5
21,ShinyGlameow M,1055,4,4,0,0,1.0
22,Vivillon (Tundra) M,1055,4,4,0,0,1.0
23,Nidorino U,1093,8,8,0,0,1.0
24,Gallade M,1055,4,4,0,0,1.0
25,ShinyPanpour M,1055,4,4,0,0,1.0
26,ShinyVivillon (Elegant) F,1047,8,4,0,4,0.5
27,Noctowl F,1055,4,4,0,0,1.0
28,ShinyMachop F,946,8,0,4,4,0.0
29,ShinyFletchling F,1053,8,4,0,4,0.5
30,DarkSwinub M,1000,4,0,0,4,0.0
31,Goodra F,954,8,0,4,4,0.0
32,ShinyDragonite M,1000,4,0,0,4,0.0
33,DarkEmboar F,1000,4,0,0,4,0.0
34,DarkCherrim M,1000,4,0,0,4,0.0
35,Aggron U,954,8,0,4,4,0.0
36,DarkSwablu U,1000,4,0,0,4,0.0
37,DarkStantler M,1000,4,0,0,4,0.0
38,Bergmite M,1000,4,0,0,4,0.0
39,Duosion M,1000,4,0,0,4,0.0
40,Pansage F,944,4,0,4,0,0.0
41,DarkPonyta F,944,4,0,4,0,0.0
42,DarkBaltoy G,944,4,0,4,0,0.0
43,GoldenHoopa (Unbound) G,1055,4,4,0,0,1.0
44,ShinyDarkrai G,1055,4,4,0,0,1.0
45,Meowstic F,898,8,0,8,0,0.0
46,DarkVivillon (Highplains) F,1085,12,8,0,4,0.666667
47,ShinyNidoqueen F,944,4,0,4,0,0.0
48,GoldenSandslash (Alola) F,1055,4,4,0,0,1.0
49,NidoranF F,944,4,0,4,0,0.0
50,Meowstic M,1000,4,0,0,4,0.0
51,Kakuna U,896,8,0,8,0,0.0
52,ShinyWurmple G,994,8,4,4,0,0.5
53,GoldenJirachi G,1055,4,4,0,0,1.0
54,Seel U,1008,8,4,4,0,0.5
55,DarkMinun U,898,8,0,8,0,0.0
56,Ambipom F,1055,4,4,0,0,1.0
57,GoldenChespin M,1055,4,4,0,0,1.0
58,Audino M,935,4,0,4,0,0.0
59,Fletchinder M,1055,4,4,0,0,1.0
60,Mudbray M,952,8,0,4,4,0.0
61,DarkPidgey M,1101,8,8,0,0,1.0
62,GoldenGigalith M,1103,8,8,0,0,1.0
63,DarkAron F,954,8,0,4,4,0.0
64,ShinyMareep F,1055,4,4,0,0,1.0
65,ShinySamurott M,1044,12,4,0,8,0.333333
66,Seviper G,1046,12,4,0,8,0.333333
67,Whirlipede M,944,4,0,4,0,0.0
68,Exeggutor (Alola) F,944,4,0,4,0,0.0
69,GoldenMagikarp U,1103,8,8,0,0,1.0
70,Rapidash U,1047,8,4,0,4,0.5
71,GoldenGengar F,1093,8,8,0,0,1.0
72,DarkTorracat M,1055,4,4,0,0,1.0
73,Ducklett M,1055,4,4,0,0,1.0
74,GoldenMarowak (Alola) U,1055,4,4,0,0,1.0
75,Toxicroak F,1055,4,4,0,0,1.0
76,DarkTynamo M,1055,4,4,0,0,1.0
77,ShinyTrubbish M,1055,4,4,0,0,1.0
78,DarkScizor M,1093,8,8,0,0,1.0
79,ShinyUnownR G,1055,8,4,0,4,0.5
80,Anorith U,1055,4,4,0,0,1.0
81,ShinyAnorith M,1055,4,4,0,0,1.0
82,DarkDeerling (Summer) F,1055,4,4,0,0,1.0
83,ShinyMinun M,1055,4,4,0,0,1.0
84,GoldenTropius U,1095,8,8,0,0,1.0
85,DarkWingull M,1055,4,4,0,0,1.0
86,GoldenHeatmor M,1101,8,8,0,0,1.0
87,DarkLeafeon M,1062,12,8,4,0,0.666667
88,DarkSpoink F,1055,4,4,0,0,1.0
89,GoldenShroomish M,1101,8,8,0,0,1.0
90,ShinyCrobat M,958,24,8,8,8,0.333333
91,Quilava M,1055,4,4,0,0,1.0
92,DarkPineco U,1055,4,4,0,0,1.0
93,Braixen M,1055,4,4,0,0,1.0
94,Mime Jr. M,1055,4,4,0,0,1.0
95,DarkJigglypuff F,1055,4,4,0,0,1.0
96,DarkScolipede F,1055,4,4,0,0,1.0
97,Rampardos M,1055,4,4,0,0,1.0
98,DarkParas M,1055,4,4,0,0,1.0
99,GoldenKabutops M,1103,8,8,0,0,1.0
100,GoldenSamurott F,1055,4,4,0,0,1.0
101,Starmie U,1055,4,4,0,0,1.0
102,ShinyGalvantula F,1055,4,4,0,0,1.0
103,ShinyGastrodon (West Sea) F,1055,4,4,0,0,1.0
104,DarkSpheal F,1047,8,4,0,4,0.5
105,ShinyChesnaught F,1055,4,4,0,0,1.0
106,ShinyRaichu F,1055,4,4,0,0,1.0
107,ShinyNidoranF F,1027,12,8,4,0,0.666667
108,GoldenMagikarp F,1055,4,4,0,0,1.0
109,GoldenDeino M,1101,8,8,0,0,1.0
110,DarkPiloswine F,1047,8,4,0,4,0.5
111,Paras F,996,12,4,4,4,0.333333
112,DarkRoserade F,1055,4,4,0,0,1.0
113,GoldenArbok M,1055,4,4,0,0,1.0
114,DarkWeedle M,1002,8,4,4,0,0.5
115,GoldenMachamp U,1140,12,12,0,0,1.0
116,Sandshrew (Alola) M,1055,4,4,0,0,1.0
117,DarkWhimsicott F,1047,8,4,0,4,0.5
118,ShinyElectrike F,1055,4,4,0,0,1.0
119,ShinyRoggenrola M,1055,4,4,0,0,1.0
120,ShinyScyther F,1055,4,4,0,0,1.0
121,Kricketune M,1055,4,4,0,0,1.0
122,GoldenArticuno G,1055,4,4,0,0,1.0
123,ShinyLucario M,1055,4,4,0,0,1.0
124,GoldenSnorlax M,1047,4,4,0,0,1.0
125,GoldenHeracross U,1055,4,4,0,0,1.0
126,ShinyEspeon U,1055,4,4,0,0,1.0
127,ShinyCascoon M,1040,12,4,0,8,0.333333
128,ShinyMeganium F,1039,12,4,0,8,0.333333
129,ShinyFerrothorn M,1055,4,4,0,0,1.0
130,ShinyBayleef M,1055,4,4,0,0,1.0
131,ShinyVenusaur F,1038,8,4,0,4,0.5
132,ShinyExploud F,1055,4,4,0,0,1.0
133,Simisage M,1103,8,8,0,0,1.0
134,ShinyAccelgor M,1055,4,4,0,0,1.0
135,ShinyFlaaffy M,991,8,4,4,0,0.5
136,DarkPurrloin F,1103,8,8,0,0,1.0
137,Espurr F,1055,4,4,0,0,1.0
138,DarkExcadrill F,1055,4,4,0,0,1.0
139,Regice G,1047,4,4,0,0,1.0
140,Dragonite M,1055,4,4,0,0,1.0
141,GoldenFennekin F,1103,8,8,0,0,1.0
142,ShinyTotodile M,1055,4,4,0,0,1.0
143,Kecleon M,1055,4,4,0,0,1.0
144,ShinyUnownV G,1055,4,4,0,0,1.0
145,Camerupt M,1055,4,4,0,0,1.0
146,Bewear F,1055,4,4,0,0,1.0
147,ShinyTotodile F,1055,4,4,0,0,1.0
148,ShinyGraveler F,1095,8,8,0,0,1.0
149,Kirlia M,1055,4,4,0,0,1.0
150,Haxorus M,1055,4,4,0,0,1.0
151,GoldenKabuto U,1055,4,4,0,0,1.0
152,DarkScyther U,1101,8,8,0,0,1.0
153,Rhyperior F,1055,4,4,0,0,1.0
154,ShinyKarrablast F,1055,4,4,0,0,1.0
155,ShinyMonferno M,1055,4,4,0,0,1.0
156,Castform (Rainy) F,1055,4,4,0,0,1.0
157,Bisharp F,1055,4,4,0,0,1.0
158,Sawsbuck(Summer) F,1055,4,4,0,0,1.0
159,GoldenMetang U,1101,8,8,0,0,1.0
160,DarkWoobat M,1055,4,4,0,0,1.0
161,DarkRayquaza G,1103,8,8,0,0,1.0
162,ShinyMawile F,1055,4,4,0,0,1.0
163,DarkHeatmor M,991,8,4,4,0,0.5
164,GoldenKabutops F,1055,4,4,0,0,1.0
165,ShinySmeargle F,1055,4,4,0,0,1.0
166,Magmar F,991,8,4,4,0,0.5
167,ShinyVenomoth M,1055,4,4,0,0,1.0
168,GoldenCharmeleon M,1055,4,4,0,0,1.0
169,Magby U,994,8,4,4,0,0.5
170,GoldenPoochyena U,1055,4,4,0,0,1.0
171,GoldenUmbreon U,1055,4,4,0,0,1.0
172,Pumpkaboo (Large) M,1055,4,4,0,0,1.0
173,Ninetales U,1064,4,4,0,0,1.0
174,GoldenAbra F,1055,4,4,0,0,1.0
175,ShinySkorupi M,1095,8,8,0,0,1.0
176,Sunflora F,1096,8,8,0,0,1.0
177,ShinyFarfetchd F,1055,8,4,0,4,0.5
178,DarkTogetic F,1055,4,4,0,0,1.0
179,DarkRattata F,1055,4,4,0,0,1.0
180,Weavile U,1047,8,4,0,4,0.5
181,Giratina (Origin) G,1055,4,4,0,0,1.0
182,DarkHawlucha M,1110,8,8,0,0,1.0
183,Turtonator M,1055,4,4,0,0,1.0
184,DarkCorsola F,1055,4,4,0,0,1.0
185,DarkRelicanth M,1010,8,4,4,0,0.5
186,Spheal U,1055,4,4,0,0,1.0
187,ShinyBurmy (Sandy) M,1055,4,4,0,0,1.0
188,DarkMisdreavus M,1055,4,4,0,0,1.0
189,ShinyDrilbur M,1010,8,4,4,0,0.5
190,Tropius F,1055,4,4,0,0,1.0
191,DarkUnownK G,1055,4,4,0,0,1.0
192,ShinyBurmy (Trash) F,982,8,4,4,0,0.5
193,Delcatty M,1055,4,4,0,0,1.0
194,ShinyKrookodile M,1055,4,4,0,0,1.0
195,Poliwrath M,1055,4,4,0,0,1.0
196,Goldeen G,994,8,4,4,0,0.5
197,Bellsprout F,1055,4,4,0,0,1.0
198,ShinyVenonat M,1055,4,4,0,0,1.0
199,Castform M,1055,4,4,0,0,1.0
200,GoldenMachop M,1101,8,8,0,0,1.0
201,UnownH G,1047,4,4,0,0,1.0
202,GoldenSceptile M,1101,8,8,0,0,1.0
203,GoldenKadabra M,1055,4,4,0,0,1.0
204,Ariados M,1055,4,4,0,0,1.0
205,ShinyLuxray F,994,8,4,4,0,0.5
206,Basculin (Blue-Striped) M,1103,8,8,0,0,1.0
207,DarkUrsaring M,1002,8,4,4,0,0.5
208,Omanyte M,1108,8,8,0,0,1.0
209,Mew G,1055,4,4,0,0,1.0
210,DarkLuxray M,1055,4,4,0,0,1.0
211,ShinyTorkoal M,1010,8,4,4,0,0.5
212,GoldenVivillon (Sandstorm) F,1055,4,4,0,0,1.0
213,Vigoroth M,1010,8,4,4,0,0.5
214,ShinyTorchic M,1055,4,4,0,0,1.0
215,DarkFlygon F,1055,4,4,0,0,1.0
216,GoldenCrobat M,1055,4,4,0,0,1.0
217,ShinyUmbreon U,1055,4,4,0,0,1.0
218,DarkVivillon (Fancy) F,1055,4,4,0,0,1.0
219,GoldenMime Jr. F,1055,4,4,0,0,1.0
220,DarkKirlia F,1055,4,4,0,0,1.0
221,ShinyRotom (Wash) G,1055,4,4,0,0,1.0
222,DarkTogepi M,1055,4,4,0,0,1.0
223,Aegislash (Shield) M,1055,4,4,0,0,1.0
224,Doduo M,1047,8,4,0,4,0.5
225,ShinyElectivire M,1055,4,4,0,0,1.0
226,ShinyTogetic F,1055,4,4,0,0,1.0
227,Scizor U,1103,8,8,0,0,1.0
228,ShinySlowbro U,1055,4,4,0,0,1.0
229,Pumpkaboo (Average) F,994,8,4,4,0,0.5
230,Piloswine F,1055,4,4,0,0,1.0
231,Scolipede M,994,8,4,4,0,0.5
232,Burmy (Plant) M,987,8,4,4,0,0.5
233,DarkDustox M,1055,4,4,0,0,1.0
234,DarkVivillon (Fancy) M,1055,4,4,0,0,1.0
235,ShinyExploud M,1039,12,4,0,8,0.333333
236,Bouffalant M,1055,4,4,0,0,1.0
237,DarkOshawott M,982,8,4,4,0,0.5
238,DarkTogepi F,1009,12,4,4,4,0.333333
239,DarkWynaut U,1055,4,4,0,0,1.0
240,DarkMinccino F,1055,4,4,0,0,1.0
241,DarkEelektross M,1055,4,4,0,0,1.0
242,DarkSlowking F,1055,4,4,0,0,1.0
243,Fletchling M,1055,4,4,0,0,1.0
244,ShinyBibarel F,1055,4,4,0,0,1.0
245,DarkBlissey M,1103,8,8,0,0,1.0
246,ShinyBruxish M,1055,4,4,0,0,1.0
247,DarkZweilous F,1055,4,4,0,0,1.0
248,DarkFerroseed F,1055,4,4,0,0,1.0
249,ShinyVigoroth F,1024,16,8,4,4,0.5
250,Machoke U,1055,4,4,0,0,1.0
251,GoldenVivillon (Elegant) M,1055,4,4,0,0,1.0
252,Caterpie F,1055,4,4,0,0,1.0
253,DarkElectrike M,1055,4,4,0,0,1.0
254,Fraxure F,1055,4,4,0,0,1.0
255,GoldenTorracat M,1040,12,8,4,0,0.666667
256,DarkDarumaka M,1142,12,12,0,0,1.0
257,ShinyAbsol U,1101,8,8,0,0,1.0
258,ShinyIvysaur F,1064,4,4,0,0,1.0
259,Dewott F,898,8,0,8,0,0.0
260,ShinySilcoon U,953,12,4,8,0,0.333333
261,ShinyAbomasnow M,944,4,0,4,0,0.0
262,DarkSalamence F,1053,8,4,0,4,0.5
263,GoldenTreecko U,1054,12,8,4,0,0.666667
264,GoldenMetang G,1055,4,4,0,0,1.0
265,DarkCrobat F,1000,4,0,0,4,0.0
266,Dedenne F,1000,4,0,0,4,0.0
267,Aromatisse F,1000,4,0,0,4,0.0
268,Budew M,944,8,0,4,4,0.0
269,DarkMiltank F,1054,8,4,0,4,0.5
270,ShinyUnown! G,1040,12,4,0,8,0.333333
271,ShinyVivillon (Archipelago) M,1053,8,4,0,4,0.5
272,ShinyCloyster M,944,4,0,4,0,0.0
273,Xatu F,946,8,0,4,4,0.0
274,Chansey F,888,8,0,8,0,0.0
275,Vivillon (Fancy) M,1055,4,4,0,0,1.0
276,DarkFlab%C3%A9b%C3%A9 F,991,8,4,4,0,0.5
277,GoldenDragonite U,1103,8,8,0,0,1.0
278,DarkGirafarig M,1055,4,4,0,0,1.0
279,Skarmory U,1055,4,4,0,0,1.0
280,ShinyCroconaw F,952,8,0,4,4,0.0
281,GoldenRaichu U,1055,4,4,0,0,1.0
282,DarkTyrogue M,944,4,0,4,0,0.0
283,DarkScyther F,1160,12,12,0,0,1.0
284,Venusaur F,1055,4,4,0,0,1.0
285,DarkTympole M,1055,4,4,0,0,1.0
286,GoldenAmpharos U,1055,4,4,0,0,1.0
287,DarkFlareon M,1093,8,8,0,0,1.0
288,ShinyCleffa F,1005,8,4,4,0,0.5
289,ShinyVenusaur M,1055,4,4,0,0,1.0
290,GoldenPoochyena M,1055,4,4,0,0,1.0
291,GoldenPignite F,1055,4,4,0,0,1.0
292,Druddigon M,944,4,0,4,0,0.0
293,Aron G,998,8,4,4,0,0.5
294,ShinyDonphan F,935,4,0,4,0,0.0
295,GoldenMagikarp M,1055,4,4,0,0,1.0
296,DarkMeganium F,1055,4,4,0,0,1.0
297,Azurill M,944,4,0,4,0,0.0
298,ShinyClefable F,955,12,4,8,0,0.333333
299,UnownY U,1064,4,4,0,0,1.0
300,ShinyOmastar M,944,4,0,4,0,0.0
301,GoldenArbok F,1055,4,4,0,0,1.0
302,Bidoof F,896,8,0,8,0,0.0
303,DarkKrokorok M,1055,4,4,0,0,1.0
304,DarkHaunter M,1055,4,4,0,0,1.0
305,GoldenDusknoir M,1103,8,8,0,0,1.0
306,DarkMantine U,944,4,0,4,0,0.0
307,DarkKoffing F,935,4,0,4,0,0.0
308,Sandslash M,927,16,0,8,8,0.0
309,Servine M,983,12,4,4,4,0.333333
310,Delibird F,944,4,0,4,0,0.0
311,ShinyKecleon F,944,4,0,4,0,0.0
312,Grumpig F,944,4,0,4,0,0.0
313,ShinyVivillon (Monsoon) F,1055,4,4,0,0,1.0
314,DarkGraveler F,1055,4,4,0,0,1.0
315,ShinySpinda F,1055,4,4,0,0,1.0
316,ShinyFerrothorn F,906,8,0,8,0,0.0
317,Deerling (Winter) M,1055,4,4,0,0,1.0
318,HootHoot F,944,4,0,4,0,0.0
319,Croconaw F,1055,4,4,0,0,1.0
320,Scizor F,1047,12,4,0,8,0.333333
321,DarkBanette F,1047,8,4,0,4,0.5
322,DarkMagmortar F,1047,4,4,0,0,1.0
323,ShinyHippopotas M,938,8,0,4,4,0.0
324,ShinyBellsprout F,944,4,0,4,0,0.0
325,ShinyBidoof M,985,8,4,4,0,0.5
326,DarkTogekiss F,1101,8,8,0,0,1.0
327,Golem M,944,4,0,4,0,0.0
328,Dugtrio U,944,4,0,4,0,0.0
329,ShinyPoliwrath U,1055,4,4,0,0,1.0
330,DarkBarboach F,1055,4,4,0,0,1.0
331,Sudowoodo M,944,4,0,4,0,0.0
332,Burmy (Plant) F,944,4,0,4,0,0.0
333,Chesnaught F,944,4,0,4,0,0.0
334,DarkCroconaw M,898,8,0,8,0,0.0
335,ShinySlowpoke F,1055,4,4,0,0,1.0
336,Sawsbuck (Spring) F,952,4,0,4,0,0.0
337,ShinyHerdier F,1055,4,4,0,0,1.0
338,Drifblim F,952,8,0,4,4,0.0
339,ShinyMetagross F,944,4,0,4,0,0.0
340,GoldenWalrein F,1055,4,4,0,0,1.0
341,Skiploom M,933,4,0,4,0,0.0
342,ShinyEevee U,1055,4,4,0,0,1.0
343,DarkAggron F,944,4,0,4,0,0.0
344,ShinyQuilava F,944,4,0,4,0,0.0
345,Metang G,959,8,0,4,4,0.0
346,GoldenSquirtle U,1055,4,4,0,0,1.0
347,GoldenCherubi M,1101,8,8,0,0,1.0
348,DarkCradily F,1055,4,4,0,0,1.0
349,Jumpluff F,891,8,0,8,0,0.0
350,ShinyCherubi F,1010,8,4,4,0,0.5
351,DarkUnfezant F,944,4,0,4,0,0.0
352,Spewpa M,858,12,0,12,0,0.0
353,DarkLedian F,906,8,0,8,0,0.0
354,GoldenInfernape F,1101,8,8,0,0,1.0
355,ShinyVanillish M,1055,4,4,0,0,1.0
356,DarkGastrodon (West Sea) F,1055,4,4,0,0,1.0
357,ShinyVulpix M,952,8,0,4,4,0.0
358,GoldenGardevoir M,944,4,0,4,0,0.0
359,GoldenVivillon (Icy Snow) M,1103,8,8,0,0,1.0
360,ShinyFeraligatr U,944,4,0,4,0,0.0
361,ShinyBudew M,1044,12,8,4,0,0.666667
362,Krookodile F,906,8,0,8,0,0.0
363,DarkCharizard M,1110,8,8,0,0,1.0
364,Sunflora M,898,8,0,8,0,0.0
365,DarkSlowpoke M,952,4,0,4,0,0.0
366,DarkVanillite M,952,8,0,4,4,0.0
367,DarkArcanine M,991,8,4,4,0,0.5
368,DarkArbok F,1055,4,4,0,0,1.0
369,DarkLitten M,1055,4,4,0,0,1.0
370,DarkElectivire F,935,4,0,4,0,0.0
371,ShinyArbok U,1055,4,4,0,0,1.0
372,DarkVenipede M,944,4,0,4,0,0.0
373,Galvantula M,944,4,0,4,0,0.0
374,GoldenAbomasnow F,1055,4,4,0,0,1.0
375,GoldenPichu G,1010,8,4,4,0,0.5
376,Trevenant M,944,4,0,4,0,0.0
377,ShinyQuilladin M,1055,4,4,0,0,1.0
378,DarkBlaziken U,944,4,0,4,0,0.0
379,Araquanid M,944,4,0,4,0,0.0
380,ShinySealeo F,944,4,0,4,0,0.0
381,Charmeleon M,944,4,0,4,0,0.0
382,Silcoon M,944,4,0,4,0,0.0
383,GoldenRowlet F,1055,4,4,0,0,1.0
384,ShinyChingling M,896,8,0,8,0,0.0
385,DarkBulbasaur M,1055,4,4,0,0,1.0
386,UnownV U,944,4,0,4,0,0.0
387,ShinyWoobat M,1005,8,4,4,0,0.5
388,GoldenMagnezone G,1055,4,4,0,0,1.0
389,ShinyDewgong F,944,4,0,4,0,0.0
390,Spearow U,1047,4,4,0,0,1.0
391,Whismur U,1055,4,4,0,0,1.0
392,DarkAmpharos M,896,8,0,8,0,0.0
393,Swinub M,952,8,0,4,4,0.0
394,GoldenChespin F,1055,4,4,0,0,1.0
395,ShinyBlitzle F,1055,4,4,0,0,1.0
396,DarkExeggutor M,944,4,0,4,0,0.0
397,Hoopa (Unbound) G,1055,4,4,0,0,1.0
398,GoldenBunnelby F,1055,4,4,0,0,1.0
399,Poliwrath F,898,8,0,8,0,0.0
400,Mightyena F,952,8,0,4,4,0.0
401,DarkMightyena F,1010,8,4,4,0,0.5
402,Meganium F,1000,4,0,0,4,0.0
403,ShinySnorlax U,1128,16,12,0,4,0.75
404,Jirachi G,1055,4,4,0,0,1.0
405,ShinyToxicroak M,1010,8,4,4,0,0.5
406,GoldenGraveler U,1096,12,8,0,4,0.666667
407,ShinyBuizel M,1055,4,4,0,0,1.0
408,Swanna M,1000,4,0,0,4,0.0
409,GoldenPawniard F,1055,4,4,0,0,1.0
410,GoldenMawile M,1055,4,4,0,0,1.0
411,Marill M,944,4,0,4,0,0.0
412,Meditite M,944,4,0,4,0,0.0
413,GoldenKirlia U,1055,4,4,0,0,1.0
414,Slaking F,1000,12,0,0,12,0.0
415,DarkRattata M,991,4,0,0,4,0.0
416,GoldenDuskull F,1055,4,4,0,0,1.0
417,ShinyLillipup F,898,8,0,8,0,0.0
418,Mewtwo G,1062,12,8,4,0,0.666667
419,GoldenPikachu F,1055,4,4,0,0,1.0
420,GoldenRotom (Frost) G,1055,4,4,0,0,1.0
421,GoldenLapras M,1101,8,8,0,0,1.0
422,Dragonair U,1057,4,4,0,0,1.0
423,ShinyMetagross U,1143,12,12,0,0,1.0
424,GoldenVenusaur F,1055,4,4,0,0,1.0
425,Spewpa F,944,4,0,4,0,0.0
426,DarkServine M,1065,12,8,4,0,0.666667
427,ShinyManaphy G,1055,4,4,0,0,1.0
428,GoldenCharmander G,1055,4,4,0,0,1.0
429,DarkChespin M,1055,4,4,0,0,1.0
430,DarkMagcargo F,1000,8,0,0,8,0.0
431,ShinyTirtouga M,1061,8,4,0,4,0.5
432,GoldenExeggutor F,1055,4,4,0,0,1.0
433,ShinyLarvitar U,1101,8,8,0,0,1.0
434,ShinyLatias G,1055,4,4,0,0,1.0
435,Meowth M,942,8,0,4,4,0.0
436,DarkSkarmory M,1055,4,4,0,0,1.0
437,Ho-Oh G,944,4,0,4,0,0.0
438,Pidgeot G,1008,8,4,4,0,0.5
439,Aegislash (Blade) F,1046,8,4,0,4,0.5
440,Pikachu M,898,8,0,8,0,0.0
441,ShinyExeggutor F,1000,4,0,0,4,0.0
442,GoldenPoochyena F,1055,4,4,0,0,1.0
443,DarkHoundour M,1055,4,4,0,0,1.0
444,ShinyHippowdon M,984,8,4,4,0,0.5
445,ShinyDelibird M,944,4,0,4,0,0.0
446,Dodrio U,944,4,0,4,0,0.0
447,ShinyPidgeotto F,1055,4,4,0,0,1.0
448,ShinyFletchinder M,952,4,0,4,0,0.0
449,Sylveon F,959,8,0,4,4,0.0
450,ShinyEscavalier M,1047,8,4,0,4,0.5
451,Sceptile U,1055,4,4,0,0,1.0
452,DarkWobbuffet U,1055,4,4,0,0,1.0
453,Tangrowth M,944,4,0,4,0,0.0
454,GoldenLampent F,1054,8,4,0,4,0.5
455,ShinyCastform (Rainy) F,944,4,0,4,0,0.0
456,Larvitar F,935,4,0,4,0,0.0
457,Electrike M,896,8,0,8,0,0.0
458,ShinyMinccino F,944,4,0,4,0,0.0
459,DarkSamurott M,1008,8,4,4,0,0.5
460,DarkGigalith F,1055,4,4,0,0,1.0
461,DarkLarvitar F,959,4,0,4,0,0.0
462,GoldenWooper M,1055,4,4,0,0,1.0
463,ShinySandslash F,1010,12,4,4,4,0.333333
464,ShinyDuosion M,1055,4,4,0,0,1.0
465,Spinda M,1055,4,4,0,0,1.0
466,ShinyWooper U,1055,4,4,0,0,1.0
467,Gliscor M,944,4,0,4,0,0.0
468,DarkPoochyena F,1055,4,4,0,0,1.0
469,Snubbull M,944,4,0,4,0,0.0
470,Vivillon (Ocean) F,898,8,0,8,0,0.0
471,ShinyMewtwo M,1055,4,4,0,0,1.0
472,ShinyUnownP G,944,4,0,4,0,0.0
473,DarkRhyperior M,1055,4,4,0,0,1.0
474,ShinyHoopa (Unbound) G,1047,4,4,0,0,1.0
475,Venonat M,944,4,0,4,0,0.0
476,Shuppet U,989,8,4,4,0,0.5
477,ShinyBeartic M,1095,8,8,0,0,1.0
478,ShinyChimecho M,944,4,0,4,0,0.0
479,Venipede M,1047,8,4,0,4,0.5
480,ShinyRowlet M,944,4,0,4,0,0.0
481,ShinyPurugly F,944,4,0,4,0,0.0
482,HootHoot M,944,4,0,4,0,0.0
483,Suicune U,1055,4,4,0,0,1.0
484,ShinyMagikarp G,935,4,0,4,0,0.0
485,ShinyArmaldo F,944,4,0,4,0,0.0
486,GoldenScatterbug M,1005,8,4,4,0,0.5
487,ShinyAron M,1047,8,4,0,4,0.5
488,DarkZigzagoon F,944,4,0,4,0,0.0
489,ShinyMrMime U,1055,4,4,0,0,1.0
490,ShinyBeheeyem F,944,4,0,4,0,0.0
491,ShinyLinoone M,935,4,0,4,0,0.0
492,GoldenVenusaur U,1103,8,8,0,0,1.0
493,DarkOmastar F,1055,8,4,0,4,0.5
494,Carnivine M,944,4,0,4,0,0.0
495,ShinySamurott F,952,4,0,4,0,0.0
496,GoldenSnivy F,1055,4,4,0,0,1.0
497,ShinyFurfrou M,1000,4,0,0,4,0.0
498,ShinyCrawdaunt M,1000,4,0,0,4,0.0
499,DarkExeggcute F,1000,4,0,0,4,0.0
500,Cherrim (Sunshine) M,1000,4,0,0,4,0.0
501,Munna F,1000,4,0,0,4,0.0
502,ShinySkuntank M,1000,4,0,0,4,0.0
503,Seaking F,1000,4,0,0,4,0.0
504,DarkBruxish M,952,8,0,4,4,0.0
505,Crawdaunt M,1000,4,0,0,4,0.0
506,Gogoat M,944,4,0,4,0,0.0
507,Kingler F,864,12,0,12,0,0.0
508,UnownF U,1000,4,0,0,4,0.0
509,GoldenMarowak U,1055,4,4,0,0,1.0
510,ShinyKingler M,944,4,0,4,0,0.0
511,Emboar F,944,4,0,4,0,0.0
512,Shinx M,1000,4,0,0,4,0.0
513,Pineco U,1055,4,4,0,0,1.0
514,GoldenBeldum U,1055,4,4,0,0,1.0
515,Raichu (Alola) F,1000,8,0,0,8,0.0
516,ShinyPoliwrath F,955,8,0,4,4,0.0
517,DarkGranbull F,944,4,0,4,0,0.0
518,Gogoat F,1000,4,0,0,4,0.0
519,ShinyCrustle F,1000,4,0,0,4,0.0
520,Kangaskhan U,1047,8,4,0,4,0.5
521,Shiftry M,944,4,0,4,0,0.0
522,Lillipup M,1000,4,0,0,4,0.0
523,DarkTentacruel U,1055,4,4,0,0,1.0
524,Phanpy U,1103,8,8,0,0,1.0
525,Breloom F,1000,8,0,0,8,0.0
526,Yanma F,1000,4,0,0,4,0.0
527,Vivillon (Monsoon) F,1000,4,0,0,4,0.0
528,GoldenComfey M,1103,8,8,0,0,1.0
529,Espeon U,1055,4,4,0,0,1.0
530,ShinyIllumise F,1000,4,0,0,4,0.0
531,Combee M,944,4,0,4,0,0.0
532,Doduo F,944,4,0,4,0,0.0
533,Umbreon F,1000,4,0,0,4,0.0
534,UnownD U,1008,4,0,0,4,0.0
535,Snivy F,1005,8,4,4,0,0.5
536,Typhlosion M,1000,4,0,0,4,0.0
537,ShinyPumpkaboo (Average) M,1048,16,8,4,4,0.5
538,ShinyMuk M,1000,4,0,0,4,0.0
539,ShinyBraixen M,1055,4,4,0,0,1.0
540,ShinySwadloon F,944,8,0,4,4,0.0
541,Roselia M,946,8,0,4,4,0.0
542,Aipom F,992,4,0,0,4,0.0
543,Heatran M,1000,4,0,0,4,0.0
544,DarkHerdier F,1008,4,0,0,4,0.0
545,ShinyZangoose M,1000,4,0,0,4,0.0
546,ShinyBlaziken U,1108,8,8,0,0,1.0
547,Tentacruel M,1000,8,0,0,8,0.0
548,Litten M,991,4,0,0,4,0.0
549,DarkAbsol F,1008,4,0,0,4,0.0
550,Magmortar U,954,4,0,4,0,0.0
551,DarkMunna F,955,8,0,4,4,0.0
552,GoldenAxew F,1000,4,0,0,4,0.0
553,ShinyTauros F,1000,4,0,0,4,0.0
554,DarkExploud M,944,4,0,4,0,0.0
555,ShinyParasect F,991,4,0,0,4,0.0
556,ShinyDuskull M,1000,4,0,0,4,0.0
557,ShinyUnownO G,944,4,0,4,0,0.0
558,DarkLickilicky F,1000,4,0,0,4,0.0
559,GoldenTyrantrum M,1053,8,4,0,4,0.5
560,ShinyGurdurr M,989,4,0,0,4,0.0
561,ShinySneasel F,1000,4,0,0,4,0.0
562,DarkPansage F,904,8,0,8,0,0.0
563,GoldenZubat M,1109,8,8,0,0,1.0
564,Rhyperior M,916,12,0,8,4,0.0
565,Patrat F,1000,4,0,0,4,0.0
566,DarkShinx F,1010,8,4,4,0,0.5
567,ShinyBunnelby M,952,4,0,4,0,0.0
568,DarkBronzong G,1055,4,4,0,0,1.0
569,GoldenCubone M,1111,8,8,0,0,1.0
570,ShinySwellow M,996,8,4,4,0,0.5
571,GoldenDragonite M,1000,4,0,0,4,0.0
572,DarkGolbat F,1000,4,0,0,4,0.0
573,DarkTynamo F,1000,4,0,0,4,0.0
574,ShinyCherrim (Sunshine) M,944,4,0,4,0,0.0
575,GoldenWeedle F,1103,8,8,0,0,1.0
576,DarkShieldon M,944,4,0,4,0,0.0
577,ShinyAegislash (Blade) M,1101,8,8,0,0,1.0
578,Persian F,898,8,0,8,0,0.0
579,Sneasel M,944,4,0,4,0,0.0
580,ShinyHaunter F,944,4,0,4,0,0.0
581,DarkEkans M,944,8,0,4,4,0.0
582,ShinyRaikou G,1055,4,4,0,0,1.0
583,ShinyDratini M,944,4,0,4,0,0.0
584,Cobalion G,1000,4,0,0,4,0.0
585,Drapion M,1081,12,8,0,4,0.666667
586,Nidoqueen U,1000,4,0,0,4,0.0
587,Mandibuzz F,1000,4,0,0,4,0.0
588,Simisear F,944,4,0,4,0,0.0
589,GoldenVaporeon M,1055,4,4,0,0,1.0
590,Sawsbuck (Autumn) F,1047,8,4,0,4,0.5
591,DarkArceus (Normal) G,1103,8,8,0,0,1.0
592,Rotom (Mow) G,973,12,4,8,0,0.333333
593,GoldenMoltres U,1064,4,4,0,0,1.0
594,DarkEscavalier F,1055,4,4,0,0,1.0
595,GoldenSalamence M,1000,4,0,0,4,0.0
596,DarkSpearow M,944,4,0,4,0,0.0
597,Vanillish F,1000,4,0,0,4,0.0
598,DarkPidove M,896,8,0,8,0,0.0
599,Shelgon U,1000,4,0,0,4,0.0
600,ShinyGolurk G,1000,4,0,0,4,0.0
601,Chimecho U,1135,12,12,0,0,1.0
602,GoldenMime Jr. M,1095,8,8,0,0,1.0
603,Unown! G,947,12,0,4,8,0.0
604,DarkBeedrill F,1000,4,0,0,4,0.0
605,DarkTranquill M,944,4,0,4,0,0.0
606,GoldenPanpour F,1055,4,4,0,0,1.0
607,GoldenPlusle F,1047,4,4,0,0,1.0
608,DarkMunchlax M,944,4,0,4,0,0.0
609,ShinyGreninja M,1036,8,4,0,4,0.5
610,Sawsbuck (Winter) M,945,8,0,4,4,0.0
611,DarkButterfree U,952,4,0,4,0,0.0
612,Gastly U,944,4,0,4,0,0.0
613,GoldenVivillon (Ocean) F,1055,4,4,0,0,1.0
614,ShinyCamerupt F,1000,4,0,0,4,0.0
615,DarkOddish U,1055,4,4,0,0,1.0
616,ShinySandslash U,1117,8,8,0,0,1.0
617,DarkGligar M,992,8,0,0,8,0.0
618,ShinySpiritomb M,1051,6,4,0,2,0.666667
619,DarkAccelgor F,997,8,4,4,0,0.5
620,Zweilous M,944,4,0,4,0,0.0
621,DarkVigoroth M,1000,4,0,0,4,0.0
622,Ampharos U,944,4,0,4,0,0.0
623,DarkVaporeon U,1055,4,4,0,0,1.0
624,Drowzee F,1055,4,4,0,0,1.0
625,Clefairy U,1055,8,4,0,4,0.5
626,ShinyVivillon (Ocean) M,1055,4,4,0,0,1.0
627,GoldenLitwick M,1103,8,8,0,0,1.0
628,ShinyMienfoo M,1055,4,4,0,0,1.0
629,Scatterbug F,1000,8,0,0,8,0.0
630,ShinyGlalie F,896,8,0,8,0,0.0
631,ShinyGrimer M,1000,4,0,0,4,0.0
632,DarkDunsparce M,1000,4,0,0,4,0.0
633,DarkCrawdaunt M,1055,4,4,0,0,1.0
634,Golem G,952,4,0,4,0,0.0
635,DarkCranidos F,1101,8,8,0,0,1.0
636,ShinyRampardos F,1055,4,4,0,0,1.0
637,GoldenVivillon (Meadow) F,1000,4,0,0,4,0.0
638,Drifblim M,897,8,0,8,0,0.0
639,GoldenPichu F,1101,8,8,0,0,1.0
640,Roselia U,1055,4,4,0,0,1.0
641,ShinyArcheops M,1000,4,0,0,4,0.0
642,GoldenSealeo M,1142,12,12,0,0,1.0
643,GoldenKrookodile M,1055,4,4,0,0,1.0
644,ShinyBraixen F,1055,4,4,0,0,1.0
645,DarkFlaaffy F,944,4,0,4,0,0.0
646,Kakuna M,898,8,0,8,0,0.0
647,GoldenSunflora M,1059,8,4,0,4,0.5
648,DarkClawitzer F,1000,4,0,0,4,0.0
649,GoldenSandshrew U,1055,4,4,0,0,1.0
650,Banette F,991,4,0,0,4,0.0
651,MrMime M,919,12,0,8,4,0.0
652,Honchkrow M,1000,4,0,0,4,0.0
653,ShinyChansey F,1000,4,0,0,4,0.0
654,GoldenShelgon M,1010,8,4,4,0,0.5
655,ShinySeel M,944,8,0,4,4,0.0
656,ShinyTogekiss U,1047,4,4,0,0,1.0
657,DarkPansage M,952,4,0,4,0,0.0
658,Finneon M,1000,8,0,0,8,0.0
659,UnownQ U,906,12,0,8,4,0.0
660,ShinyMagcargo M,1000,4,0,0,4,0.0
661,ShinySurskit F,944,4,0,4,0,0.0
662,Solrock G,944,4,0,4,0,0.0
663,ShinyLinoone F,944,4,0,4,0,0.0
664,GoldenLucario M,1055,4,4,0,0,1.0
665,Deerling (Summer) M,1000,4,0,0,4,0.0
666,ShinyAmaura F,959,10,0,4,6,0.0
667,DarkKadabra M,1000,4,0,0,4,0.0
668,Bounsweet F,944,4,0,4,0,0.0
669,GoldenCroconaw U,1055,4,4,0,0,1.0
670,DarkPhanpy F,1000,4,0,0,4,0.0
671,ShinyDeino M,1055,4,4,0,0,1.0
672,GoldenAlakazam F,1055,4,4,0,0,1.0
673,Victreebel M,991,4,0,0,4,0.0
674,ShinyFlab%C3%A9b%C3%A9 F,1000,4,0,0,4,0.0
675,DarkClaydol G,1000,8,0,0,8,0.0
676,GoldenGardevoir F,1103,8,8,0,0,1.0
677,Lickitung M,953,8,0,4,4,0.0
678,Spoink U,1101,8,8,0,0,1.0
679,DarkPinsir M,1000,4,0,0,4,0.0
680,ShinySlowking F,944,4,0,4,0,0.0
681,DarkPoliwhirl M,1000,4,0,0,4,0.0
682,Misdreavus M,1015,12,4,4,4,0.333333
683,Treecko M,1000,4,0,0,4,0.0
684,GoldenAmpharos M,1055,4,4,0,0,1.0
685,Infernape F,1000,4,0,0,4,0.0
686,ShinyAmbipom M,896,8,0,8,0,0.0
687,White Kyurem G,1055,4,4,0,0,1.0
688,ShinyUnownY G,1000,4,0,0,4,0.0
689,Marowak (Alola) M,955,8,0,4,4,0.0
690,ShinyTalonflame F,1000,4,0,0,4,0.0
691,Togetic M,989,4,0,0,4,0.0
692,ShinyVivillon (Garden) F,1055,8,4,0,4,0.5
693,ShinyGengar M,1016,4,0,0,4,0.0
694,DarkBellossom U,1055,4,4,0,0,1.0
695,Swablu U,1055,4,4,0,0,1.0
696,Sigilyph M,1000,4,0,0,4,0.0
697,DarkRapidash F,1000,4,0,0,4,0.0
698,Golem F,946,8,0,4,4,0.0
699,ShinySpinarak F,991,4,0,0,4,0.0
700,ShinyLombre F,1000,4,0,0,4,0.0
701,DarkRaticate F,1000,4,0,0,4,0.0
702,Skorupi F,944,4,0,4,0,0.0
703,DarkQwilfish M,969,10,0,2,8,0.0
704,DarkUnownP G,1000,4,0,0,4,0.0
705,Magnemite U,991,8,4,4,0,0.5
706,DarkJoltik M,1008,4,0,0,4,0.0
707,DarkHo-Oh G,1101,8,8,0,0,1.0
708,ShinyMarowak F,944,4,0,4,0,0.0
709,GoldenPopplio M,944,4,0,4,0,0.0
710,Flaaffy U,1055,4,4,0,0,1.0
711,ShinyDucklett M,944,4,0,4,0,0.0
712,DarkMagby M,1000,4,0,0,4,0.0
713,ShinyCorsola U,944,4,0,4,0,0.0
714,ShinyTyrogue M,991,4,0,0,4,0.0
715,DarkUrsaring F,955,8,0,4,4,0.0
716,DarkKabutops M,905,12,0,8,4,0.0
717,DarkAbra F,1000,4,0,0,4,0.0
718,Magikarp F,1000,4,0,0,4,0.0
719,GoldenTyranitar M,1101,8,8,0,0,1.0
720,GoldenOmastar M,1047,4,4,0,0,1.0
721,GoldenEmpoleon F,945,4,0,4,0,0.0
722,GoldenYanma U,1008,4,0,0,4,0.0
723,ShinyShelgon M,944,4,0,4,0,0.0
724,DarkDusclops M,1063,12,8,4,0,0.666667
725,DarkBasculin (Red-Striped) F,973,12,4,8,0,0.333333
726,Rotom (Fan) G,944,4,0,4,0,0.0
727,DarkVenonat M,944,4,0,4,0,0.0
728,ShinyMareep M,944,4,0,4,0,0.0
729,DarkClefable M,1000,4,0,0,4,0.0
730,DarkCrawdaunt F,944,4,0,4,0,0.0
731,ShinyCrobat F,1000,4,0,0,4,0.0
732,DarkAmbipom M,1000,4,0,0,4,0.0
733,Tentacruel F,991,4,0,0,4,0.0
734,Bonsly F,1000,4,0,0,4,0.0
735,Primeape M,896,8,0,8,0,0.0
736,DarkSnorlax U,1008,4,0,0,4,0.0
737,DarkHerdier M,947,8,0,4,4,0.0
738,Audino F,945,8,0,4,4,0.0
739,ShinyBarbaracle F,1000,4,0,0,4,0.0
740,Lycanroc (Midday) M,1000,4,0,0,4,0.0
741,ShinyPhantump F,1000,4,0,0,4,0.0
742,Lycanroc (Midnight) F,1000,4,0,0,4,0.0
743,ShinyStunfisk M,1000,4,0,0,4,0.0
744,Umbreon U,994,8,4,4,0,0.5
745,ShinyPlusle F,975,6,0,2,4,0.0
746,ShinyWailmer F,944,4,0,4,0,0.0
747,Zigzagoon U,1101,8,8,0,0,1.0
748,GoldenDragonair F,1103,8,8,0,0,1.0
749,GoldenWartortle M,1047,4,4,0,0,1.0
750,GoldenMachamp M,1055,4,4,0,0,1.0
751,ShinyShellos (East Sea) F,944,4,0,4,0,0.0
752,NidoranM G,1055,4,4,0,0,1.0
753,Spoink F,944,4,0,4,0,0.0
754,DarkFloette F,944,4,0,4,0,0.0
755,ShinyCombusken F,952,8,0,4,4,0.0
756,ShinySunkern M,1055,4,4,0,0,1.0
757,ShinyLeafeon M,944,4,0,4,0,0.0
758,DarkWeezing M,1055,4,4,0,0,1.0
759,Wingull M,944,4,0,4,0,0.0
760,ShinySceptile M,1055,4,4,0,0,1.0
761,UnownT G,898,8,0,8,0,0.0
762,Cherubi M,944,4,0,4,0,0.0
763,Rattata U,1055,4,4,0,0,1.0
764,DarkGrowlithe F,944,4,0,4,0,0.0
765,Vanillite F,944,4,0,4,0,0.0
766,GoldenSudowoodo U,1055,4,4,0,0,1.0
767,Combusken M,944,4,0,4,0,0.0
768,Octillery M,944,4,0,4,0,0.0
769,DarkGrimer M,1010,8,4,4,0,0.5
770,DarkSkorupi M,944,4,0,4,0,0.0
771,ShinyShuckle F,1055,4,4,0,0,1.0
772,DarkMudkip M,1055,8,4,0,4,0.5
773,DarkTrubbish M,935,4,0,4,0,0.0
774,Solosis F,952,4,0,4,0,0.0
775,Treecko U,1055,4,4,0,0,1.0
776,Wigglytuff M,944,4,0,4,0,0.0
777,ShinyShinx M,1010,8,4,4,0,0.5
778,DarkMudkip F,944,4,0,4,0,0.0
779,Yanmega F,1005,8,4,4,0,0.5
780,DarkElectivire M,1047,8,4,0,4,0.5
781,Seadra M,944,4,0,4,0,0.0
782,DarkLycanroc (Midnight) M,944,4,0,4,0,0.0
783,DarkPoliwhirl U,1055,4,4,0,0,1.0
784,Zubat F,944,8,0,4,4,0.0
785,Krookodile M,936,4,0,4,0,0.0
786,ShinyIvysaur U,944,4,0,4,0,0.0
787,ShinyNuzleaf U,1088,8,8,0,0,1.0
788,ShinyVivillon (Polar) F,1047,4,4,0,0,1.0
789,Houndoom U,1063,4,4,0,0,1.0
790,Igglybuff M,911,12,0,8,4,0.0
791,GoldenSceptile F,1094,8,8,0,0,1.0
792,ShinyChikorita U,1055,4,4,0,0,1.0
793,ShinyCubone M,944,4,0,4,0,0.0
794,DarkLinoone F,1055,4,4,0,0,1.0
795,DarkDrampa M,1055,4,4,0,0,1.0
796,GoldenNinetales U,951,4,0,4,0,0.0
797,Kingler M,1055,4,4,0,0,1.0
798,Muk U,1055,4,4,0,0,1.0
799,DarkParasect F,944,4,0,4,0,0.0
800,DarkBuneary M,1025,12,8,4,0,0.666667
801,Hoppip F,954,4,0,4,0,0.0
802,DarkMarowak U,1055,4,4,0,0,1.0
803,DarkLunatone G,1055,4,4,0,0,1.0
804,DarkTotodile M,944,4,0,4,0,0.0
805,DarkSandslash F,944,4,0,4,0,0.0
806,Bellossom U,1055,4,4,0,0,1.0
807,DarkYanma F,896,8,0,8,0,0.0
808,GoldenVivillon (Polar) F,1055,4,4,0,0,1.0
809,DarkWailmer F,944,4,0,4,0,0.0
810,DarkCyndaquil U,1055,4,4,0,0,1.0
811,GoldenMantyke F,1101,8,8,0,0,1.0
812,GoldenLarvitar F,1055,4,4,0,0,1.0
813,Sandshrew F,1039,8,4,0,4,0.5
814,Mime Jr. F,1055,4,4,0,0,1.0
815,GoldenPoliwhirl F,944,4,0,4,0,0.0
816,Pancham F,952,4,0,4,0,0.0
817,Slugma U,944,4,0,4,0,0.0
818,Vivillon (Icy Snow) M,1055,4,4,0,0,1.0
819,ShinyWhiscash F,1040,8,4,0,4,0.5
820,DarkNosepass M,944,4,0,4,0,0.0
821,ShinyMuk F,944,4,0,4,0,0.0
822,ShinySimisear F,962,6,0,4,2,0.0
823,GoldenLombre U,1096,8,8,0,0,1.0
824,ShinyMilotic F,1101,8,8,0,0,1.0
825,DarkLiepard F,944,4,0,4,0,0.0
826,ShinyShedinja G,1055,4,4,0,0,1.0
827,UnownW G,898,8,0,8,0,0.0
828,GoldenDeerling (Summer) F,1055,4,4,0,0,1.0
829,ShinyUnownC G,944,4,0,4,0,0.0
830,NidoranM M,1055,4,4,0,0,1.0
831,ShinyCarvanha M,944,8,0,4,4,0.0
832,Aron U,1101,8,8,0,0,1.0
833,ShinyLickitung M,992,12,4,4,4,0.333333
834,Psyduck F,880,8,0,8,0,0.0
835,DarkSwellow F,970,12,4,8,0,0.333333
836,GoldenPsyduck F,1055,4,4,0,0,1.0
837,ShinyGlalie M,1055,4,4,0,0,1.0
838,DarkDiglett U,1055,4,4,0,0,1.0
839,Hoppip M,964,4,0,4,0,0.0
840,DarkIgglybuff M,898,8,0,8,0,0.0
841,Purrloin F,944,4,0,4,0,0.0
842,ShinyMunchlax F,1030,12,8,4,0,0.666667
843,Tentacool F,944,4,0,4,0,0.0
844,ShinyCacturne M,1000,4,0,0,4,0.0
845,ShinyVivillon (Icy Snow) F,1000,4,0,0,4,0.0
846,GoldenKingler U,1055,4,4,0,0,1.0
847,Blissey U,1103,8,8,0,0,1.0
848,ShinyAlomomola M,1000,4,0,0,4,0.0
849,Vespiquen F,991,8,0,0,8,0.0
850,Exeggutor U,1055,4,4,0,0,1.0
851,Swadloon M,1000,4,0,0,4,0.0
852,ShinyVivillon (Pokeball) F,1000,8,0,0,8,0.0
853,Marshtomp U,1055,4,4,0,0,1.0
854,DarkBurmy (Plant) M,950,4,0,4,0,0.0
855,ShinyKoffing M,1000,4,0,0,4,0.0
856,Beldum G,991,4,0,0,4,0.0
857,Banette U,1055,4,4,0,0,1.0
858,ShinySwoobat M,952,4,0,4,0,0.0
859,ShinyCroconaw U,1055,4,4,0,0,1.0
860,Cacnea F,1000,4,0,0,4,0.0
861,ShinyMalamar F,1002,8,4,4,0,0.5
862,DarkNumel M,945,4,0,4,0,0.0
863,DarkTyranitar M,1055,4,4,0,0,1.0
864,DarkCherrim (Sunshine) F,1055,4,4,0,0,1.0
865,ShinyMisdreavus F,952,4,0,4,0,0.0
866,DarkSylveon M,1055,4,4,0,0,1.0
867,ShinyArcanine F,1055,4,4,0,0,1.0
868,Sceptile F,952,8,0,4,4,0.0
869,ShinyVaporeon M,1055,4,4,0,0,1.0
870,GoldenLycanroc (Midday) M,1047,4,4,0,0,1.0
871,DarkZoroark M,1101,8,8,0,0,1.0
872,Abomasnow M,955,8,0,4,4,0.0
873,ShinyCorphish F,944,4,0,4,0,0.0
874,ShinyGrimer F,1064,4,4,0,0,1.0
875,DarkCastform M,944,8,0,4,4,0.0
876,Monferno F,935,4,0,4,0,0.0
877,GoldenGyarados M,944,4,0,4,0,0.0
878,DarkMagby F,1000,8,0,0,8,0.0
879,DarkAmpharos U,1081,6,6,0,0,1.0
880,GoldenTotodile M,1055,4,4,0,0,1.0
881,Azumarill G,1055,4,4,0,0,1.0
882,DarkMismagius F,1000,4,0,0,4,0.0
883,Salamence U,983,8,4,4,0,0.5
884,Conkeldurr F,984,12,4,4,4,0.333333
885,Venomoth F,978,8,0,0,8,0.0
886,DarkBayleef U,940,8,0,4,4,0.0
887,Noctowl U,1055,4,4,0,0,1.0
888,Rhydon U,1040,8,4,0,4,0.5
889,Cleffa F,944,4,0,4,0,0.0
890,Shuckle G,1053,8,4,0,4,0.5
891,ShinySeaking F,918,6,0,6,0,0.0
892,GoldenVulpix M,1055,4,4,0,0,1.0
893,Brionne M,1000,4,0,0,4,0.0
894,ShinyYanma M,1008,4,0,0,4,0.0
895,Xatu U,1064,4,4,0,0,1.0
896,DarkCleffa F,952,4,0,4,0,0.0
897,ShinyCyndaquil U,1055,4,4,0,0,1.0
898,GoldenEspurr M,1055,4,4,0,0,1.0
899,GoldenMilotic U,1055,4,4,0,0,1.0
900,DarkVivillon (Icy Snow) M,952,4,0,4,0,0.0
901,ShinyGrowlithe G,1010,8,4,4,0,0.5
902,GoldenManectric F,944,4,0,4,0,0.0
903,GoldenMinccino F,1101,8,8,0,0,1.0
904,DarkBagon F,906,8,0,8,0,0.0
905,Dodrio F,898,8,0,8,0,0.0
906,Munchlax F,1000,4,0,0,4,0.0
907,GoldenZweilous F,1101,8,8,0,0,1.0
908,Snover M,944,4,0,4,0,0.0
909,ShinyChikorita F,944,4,0,4,0,0.0
910,DarkVivillon (Sandstorm) M,952,8,0,4,4,0.0
911,ShinyRoselia U,1010,8,4,4,0,0.5
912,Sliggoo F,943,4,0,4,0,0.0
913,Drifloon M,1000,4,0,0,4,0.0
914,Charmeleon F,944,4,0,4,0,0.0
915,Groudon G,1055,4,4,0,0,1.0
916,ShinySigilyph M,1000,4,0,0,4,0.0
917,GoldenDratini F,1055,4,4,0,0,1.0
918,Electrode G,1000,4,0,0,4,0.0
919,ShinyOmanyte F,1055,4,4,0,0,1.0
920,ShinyPrinplup F,898,8,0,8,0,0.0
921,GoldenEkans F,1055,4,4,0,0,1.0
922,GoldenOddish U,1055,4,4,0,0,1.0
923,DarkHeatran F,1047,4,4,0,0,1.0
924,ShinyKangaskhan F,954,4,0,4,0,0.0
925,ShinyCelebi G,1055,4,4,0,0,1.0
926,DarkOmastar M,1047,8,4,0,4,0.5
927,GoldenSceptile U,1055,4,4,0,0,1.0
928,DarkRhyhorn F,1000,4,0,0,4,0.0
929,Dragalge F,1055,4,4,0,0,1.0
930,DarkSlugma M,944,4,0,4,0,0.0
931,Gourgeist (Average) M,952,8,0,4,4,0.0
932,DarkChimecho M,944,4,0,4,0,0.0
933,Machop U,944,4,0,4,0,0.0
934,DarkClefairy M,944,8,0,4,4,0.0
935,Azumarill F,952,4,0,4,0,0.0
936,ShinyGabite F,1019,8,4,4,0,0.5
937,ShinyShelgon F,1000,4,0,0,4,0.0
938,GoldenYanma M,944,4,0,4,0,0.0
939,DarkExcadrill M,944,4,0,4,0,0.0
940,DarkSpinda M,1000,4,0,0,4,0.0
941,DarkLombre M,898,8,0,8,0,0.0
942,UnownA G,1008,4,0,0,4,0.0
943,Wobbuffet U,898,8,0,8,0,0.0
944,Electabuzz U,1047,4,4,0,0,1.0
945,ShinyBulbasaur M,1055,4,4,0,0,1.0
946,ShinyBarbaracle M,992,8,4,4,0,0.5
947,ShinySeedot F,1047,4,4,0,0,1.0
948,DarkFroakie M,1055,4,4,0,0,1.0
949,ShinyWailord M,944,4,0,4,0,0.0
950,Hippowdon F,908,12,0,8,4,0.0
951,ShinyNidorino U,1055,4,4,0,0,1.0
952,ShinyGranbull M,1000,4,0,0,4,0.0
953,ShinyBayleef U,1000,4,0,0,4,0.0
954,Kingdra U,944,4,0,4,0,0.0
955,DarkLileep F,898,8,0,8,0,0.0
956,Gliscor F,991,4,0,0,4,0.0
957,ShinyLuvdisc M,954,8,0,4,4,0.0
958,ShinyRoggenrola F,944,4,0,4,0,0.0
959,Accelgor M,946,8,0,4,4,0.0
960,Poliwag M,1007,4,0,0,4,0.0
961,GoldenBagon M,1055,4,4,0,0,1.0
962,ShinyUnownQ G,1000,4,0,0,4,0.0
963,Scraggy F,1001,4,0,0,4,0.0
964,ShinyPhanpy M,1000,4,0,0,4,0.0
965,Milotic U,1055,12,8,4,0,0.666667
966,DarkCombusken U,1055,4,4,0,0,1.0
967,ShinyPidgey M,1000,8,0,0,8,0.0
968,GoldenVivillon (Elegant) F,1055,4,4,0,0,1.0
969,ShinyLileep M,955,8,0,4,4,0.0
970,Timburr F,1000,4,0,0,4,0.0
971,ShinyPupitar F,991,4,0,0,4,0.0
972,DarkBunnelby F,1000,4,0,0,4,0.0
973,ShinyGastly U,1047,4,4,0,0,1.0
974,ShinySkarmory F,970,8,0,4,4,0.0
975,ShinyFlygon F,938,8,0,4,4,0.0
976,GoldenWalrein U,944,4,0,4,0,0.0
977,ShinyEntei G,1055,4,4,0,0,1.0
978,Rotom (Frost) G,944,4,0,4,0,0.0
979,Electrike F,952,8,0,4,4,0.0
980,GoldenSlowpoke F,1055,4,4,0,0,1.0
981,DarkBulbasaur F,1000,4,0,0,4,0.0
982,Hitmontop U,1000,4,0,0,4,0.0
983,Karrablast M,952,4,0,4,0,0.0
984,ShinyKrabby F,1000,4,0,0,4,0.0
985,Vileplume F,1000,4,0,0,4,0.0
986,GoldenMeowstic F,1093,8,8,0,0,1.0
987,Seel F,955,8,0,4,4,0.0
988,DarkElekid M,1000,4,0,0,4,0.0
989,Castform (Snowy) M,1000,4,0,0,4,0.0
990,GoldenSnorlax F,1055,4,4,0,0,1.0
991,DarkCombee F,1000,4,0,0,4,0.0
992,ShinyQuagsire F,1000,4,0,0,4,0.0
993,DarkHootHoot M,1000,4,0,0,4,0.0
994,DarkPumpkaboo (Average) F,1008,4,0,0,4,0.0
995,ShinySunflora F,1000,4,0,0,4,0.0
996,ShinyMienfoo F,1000,4,0,0,4,0.0
997,Machop M,955,8,0,4,4,0.0
998,DarkTalonflame M,1000,4,0,0,4,0.0
999,DarkUnownA G,955,8,0,4,4,0.0
1000,ShinyWeepinbell M,1007,4,0,0,4,0.0
1001,DarkMagikarp F,1000,4,0,0,4,0.0
1002,GoldenCherubi F,1055,4,4,0,0,1.0
1003,Politoed U,955,8,0,4,4,0.0
1004,Arceus (Fighting) G,994,8,4,4,0,0.5
1005,ShinySolosis M,1000,4,0,0,4,0.0
1006,DarkSnorlax M,1000,4,0,0,4,0.0
1007,DarkUnownD G,955,8,0,4,4,0.0
1008,Crawdaunt U,952,4,0,4,0,0.0
1009,Cloyster U,1000,4,0,0,4,0.0
1010,ShinyLeavanny M,1044,8,4,0,4,0.5
1011,ShinyMunna F,1000,4,0,0,4,0.0
1012,Vivillon (Icy Snow) F,1000,4,0,0,4,0.0
1013,GoldenPichu M,1055,4,4,0,0,1.0
1014,Dedenne M,1000,4,0,0,4,0.0
1015,Machoke M,944,4,0,4,0,0.0
1016,ShinyTentacool G,1064,4,4,0,0,1.0
1017,Numel F,898,12,0,8,4,0.0
1018,Stufful M,939,8,0,4,4,0.0
1019,Cyndaquil U,1055,4,4,0,0,1.0
1020,GoldenBellossom U,1107,8,8,0,0,1.0
1021,ShinyPidgeot F,1016,8,4,4,0,0.5
1022,GoldenPumpkaboo (Average) F,1055,4,4,0,0,1.0
1023,DarkGrovyle M,952,4,0,4,0,0.0
1024,ShinyMagcargo F,947,8,0,4,4,0.0
1025,DarkGoodra F,1000,4,0,0,4,0.0
1026,DarkMantine F,1008,4,0,0,4,0.0
1027,ShinyBeldum G,998,4,0,0,4,0.0
1028,Staryu U,1044,8,4,0,4,0.5
1029,Foongus F,944,4,0,4,0,0.0
1030,Kyogre G,1055,4,4,0,0,1.0
1031,Sharpedo U,1000,4,0,0,4,0.0
1032,ShinyCranidos F,961,8,0,4,4,0.0
1033,Pelipper F,1008,4,0,0,4,0.0
1034,GoldenArticuno U,1055,4,4,0,0,1.0
1035,ShinyYanmega F,929,4,0,4,0,0.0
1036,ShinyNidoranM M,1036,8,4,0,4,0.5
1037,ShinyVibrava F,1000,4,0,0,4,0.0
1038,ShinyMagmar F,935,4,0,4,0,0.0
1039,DarkFrogadier M,1044,8,4,0,4,0.5
1040,GoldenSpheal F,1047,4,4,0,0,1.0
1041,Furfrou F,1000,4,0,0,4,0.0
1042,Magikarp U,1000,4,0,0,4,0.0
1043,Carbink G,955,8,0,4,4,0.0
1044,ShinyRaichu (Alola) F,942,6,0,4,2,0.0
1045,GoldenVivillon (Highplains) F,1101,8,8,0,0,1.0
1046,DarkPumpkaboo (Large) M,1000,4,0,0,4,0.0
1047,Swellow U,1000,4,0,0,4,0.0
1048,Meganium M,936,8,0,4,4,0.0
1049,Loudred U,1000,4,0,0,4,0.0
1050,ShinyAlakazam F,1044,8,4,0,4,0.5
1051,Shellder M,1000,4,0,0,4,0.0
1052,DarkDrifblim M,1060,8,4,0,4,0.5
1053,GoldenMantine G,1010,8,4,4,0,0.5
1054,GoldenVulpix (Alola) U,1055,4,4,0,0,1.0
1055,DarkGolurk G,1000,8,0,0,8,0.0
1056,ShinyLapras U,1093,8,8,0,0,1.0
1057,Skitty F,944,4,0,4,0,0.0
1058,DarkTorkoal F,1000,4,0,0,4,0.0
1059,ShinyAudino F,991,4,0,0,4,0.0
1060,Growlithe F,1000,4,0,0,4,0.0
1061,ShinyDiggersby F,906,8,0,8,0,0.0
1062,ShinyJigglypuff M,952,4,0,4,0,0.0
1063,DarkArmaldo M,1000,4,0,0,4,0.0
1064,ShinyDrampa M,1000,4,0,0,4,0.0
1065,Magneton G,944,4,0,4,0,0.0
1066,DarkMagby U,1052,8,4,0,4,0.5
1067,DarkHoundoom M,1055,4,4,0,0,1.0
1068,UnownZ U,1000,8,0,0,8,0.0
1069,ShinySudowoodo M,1008,4,0,0,4,0.0
1070,DarkHeatmor F,946,8,0,4,4,0.0
1071,GoldenPolitoed U,1010,8,4,4,0,0.5
1072,GoldenElectrike U,1055,4,4,0,0,1.0
1073,DarkVulpix F,1000,4,0,0,4,0.0
1074,Latias G,944,4,0,4,0,0.0
1075,UnownN U,1001,4,0,0,4,0.0
1076,Axew F,944,4,0,4,0,0.0
1077,ShinyNoibat M,1055,4,4,0,0,1.0
1078,GoldenCroconaw F,944,4,0,4,0,0.0
1079,Bibarel M,954,8,0,4,4,0.0
1080,Wobbuffet G,944,4,0,4,0,0.0
1081,GoldenMetagross G,1055,4,4,0,0,1.0
1082,DarkTrubbish F,984,4,0,0,4,0.0
1083,DarkFennekin M,952,4,0,4,0,0.0
1084,ShinyGlaceon M,1055,4,4,0,0,1.0
1085,ShinyPrimarina M,1000,4,0,0,4,0.0
1086,Whiscash M,1000,4,0,0,4,0.0
1087,DarkPiplup M,1000,4,0,0,4,0.0
1088,Koffing M,1000,4,0,0,4,0.0
1089,DarkKoffing M,1000,4,0,0,4,0.0
1090,DarkPiloswine M,1000,4,0,0,4,0.0
1091,Jigglypuff U,1000,4,0,0,4,0.0
1092,Landorus M,1000,8,0,0,8,0.0
1093,DarkCubone M,1000,4,0,0,4,0.0
1094,ShinyCroconaw M,955,8,0,4,4,0.0
1095,Rapidash F,1008,4,0,0,4,0.0
1096,Pidgeotto U,1000,4,0,0,4,0.0
1097,Heracross M,1000,8,0,0,8,0.0
1098,DarkMagikarp U,946,12,4,8,0,0.333333
1099,Teddiursa U,1055,4,4,0,0,1.0
1100,Walrein M,1000,4,0,0,4,0.0
1101,Stunfisk M,1000,4,0,0,4,0.0
1102,DarkVivillon (Marine) F,1000,4,0,0,4,0.0
1103,Tornadus M,1000,4,0,0,4,0.0
1104,ShinyAurorus F,1000,4,0,0,4,0.0
1105,GoldenRaichu M,944,4,0,4,0,0.0
1106,ShinyNidorina F,1000,4,0,0,4,0.0
1107,DarkKricketune F,984,4,0,0,4,0.0
1108,DarkSnivy F,1004,4,0,0,4,0.0
1109,DarkBidoof F,952,4,0,4,0,0.0
1110,ShinySnubbull M,993,8,0,0,8,0.0
1111,Porygon2 G,952,8,0,4,4,0.0
1112,Swalot U,1000,4,0,0,4,0.0
1113,DarkPalpitoad F,948,8,0,4,4,0.0
1114,Victini G,1000,8,0,0,8,0.0
1115,ShinyRaticate U,944,4,0,4,0,0.0
1116,GoldenPolitoed F,944,4,0,4,0,0.0
1117,ShinyIncineroar M,1000,4,0,0,4,0.0
1118,Duskull F,944,8,0,4,4,0.0
1119,DarkDarmanitan F,1047,8,4,0,4,0.5
1120,DarkPopplio M,1000,4,0,0,4,0.0
1121,Excadrill F,1000,4,0,0,4,0.0
1122,ShinyVivillon (Pokeball) M,1000,4,0,0,4,0.0
1123,Dwebble M,1007,4,0,0,4,0.0
1124,ShinyFoongus F,989,8,4,4,0,0.5
1125,Eevee M,944,4,0,4,0,0.0
1126,Exeggcute U,951,8,0,4,4,0.0
1127,Arceus (Ground) G,1055,4,4,0,0,1.0
1128,Ludicolo F,944,4,0,4,0,0.0
1129,DarkTranquill F,944,4,0,4,0,0.0
1130,DarkDelibird F,1047,4,4,0,0,1.0
1131,ShinyVivillon (Marine) F,1055,4,4,0,0,1.0
1132,ShinyNidoranF U,944,4,0,4,0,0.0
1133,DarkSkarmory F,944,4,0,4,0,0.0
1134,DarkSkarmory G,944,4,0,4,0,0.0
1135,Goodra M,1000,8,4,4,0,0.5
1136,ShinyCrawdaunt F,1055,4,4,0,0,1.0
1137,GoldenSlowbro F,1055,4,4,0,0,1.0
1138,Escavalier M,944,4,0,4,0,0.0
1139,ShinyButterfree M,1055,4,4,0,0,1.0
1140,ShinyCorsola M,1047,4,4,0,0,1.0
1141,DarkConkeldurr M,1055,4,4,0,0,1.0
1142,DarkKingler F,951,4,0,4,0,0.0
1143,DarkDitto U,944,8,0,4,4,0.0
1144,Lilligant F,944,4,0,4,0,0.0
1145,Chesnaught M,944,4,0,4,0,0.0
1146,DarkWooper F,952,4,0,4,0,0.0
1147,GoldenPiloswine U,1056,4,4,0,0,1.0
1148,GoldenRockruff F,1057,4,4,0,0,1.0
1149,Kirlia F,944,4,0,4,0,0.0
1150,Chikorita M,944,4,0,4,0,0.0
1151,DarkPoliwag U,1055,4,4,0,0,1.0
1152,DarkPikachu M,929,4,0,4,0,0.0
1153,DarkVileplume U,1055,4,4,0,0,1.0
1154,ShinyRampardos M,1055,4,4,0,0,1.0
1155,ShinyTropius U,1027,12,8,4,0,0.666667
1156,Glameow M,1000,4,0,0,4,0.0
1157,DarkCherrim (Sunshine) M,1002,8,4,4,0,0.5
1158,DarkAipom U,1033,8,4,4,0,0.5
1159,Swanna F,944,4,0,4,0,0.0
1160,GoldenScizor M,1069,12,8,4,0,0.666667
1161,ShinyMakuhita M,944,4,0,4,0,0.0
1162,ShinyPumpkaboo (Small) M,1055,4,4,0,0,1.0
1163,DarkAzumarill F,945,4,0,4,0,0.0
1164,DarkZangoose M,943,4,0,4,0,0.0
1165,Garchomp M,944,4,0,4,0,0.0
1166,DarkBibarel M,1000,4,0,0,4,0.0
1167,Amaura M,898,8,0,8,0,0.0
1168,Shuckle F,944,4,0,4,0,0.0
1169,Vanillite M,1001,4,0,0,4,0.0
1170,DarkFurret U,1055,4,4,0,0,1.0
1171,Exeggutor M,944,4,0,4,0,0.0
1172,Machamp U,952,4,0,4,0,0.0
1173,Cubone F,898,12,0,8,4,0.0
1174,Smeargle F,906,8,0,8,0,0.0
1175,Slakoth M,898,8,0,8,0,0.0
1176,ShinyFletchling M,915,6,0,6,0,0.0
1177,Smeargle M,944,8,0,4,4,0.0
1178,DarkMachop M,1000,4,0,0,4,0.0
1179,ShinyOddish F,944,4,0,4,0,0.0
1180,DarkSlowbro F,935,4,0,4,0,0.0
1181,Vivillon (Sun) F,935,4,0,4,0,0.0
1182,ShinyRaticate F,1055,4,4,0,0,1.0
1183,Rotom (Wash) G,898,8,0,8,0,0.0
1184,GoldenMantyke U,1055,4,4,0,0,1.0
1185,Tynamo F,944,4,0,4,0,0.0
1186,Slurpuff F,906,8,0,8,0,0.0
1187,DarkButterfree F,944,4,0,4,0,0.0
1188,DarkSwoobat M,944,4,0,4,0,0.0
1189,ShinyVivillon (Marine) M,944,4,0,4,0,0.0
1190,DarkBidoof M,1055,4,4,0,0,1.0
1191,DarkNosepass F,935,4,0,4,0,0.0
1192,ShinyMime Jr. M,912,8,0,8,0,0.0
1193,DarkGiratina (Altered) G,957,4,0,4,0,0.0
1194,DarkWurmple M,1055,4,4,0,0,1.0
1195,DarkSimipour M,989,8,4,4,0,0.5
1196,GoldenSylveon M,1055,4,4,0,0,1.0
1197,DarkUnownG G,944,4,0,4,0,0.0
1198,Ariados F,903,8,0,8,0,0.0
1199,DarkSpoink M,944,4,0,4,0,0.0
1200,ShinyLilligant F,952,4,0,4,0,0.0
1201,DarkCubchoo F,1055,4,4,0,0,1.0
1202,GoldenMarowak M,1054,4,4,0,0,1.0
1203,DarkClefable F,944,4,0,4,0,0.0
1204,ShinyLarvesta M,1064,4,4,0,0,1.0
1205,DarkSeviper M,944,4,0,4,0,0.0
1206,GoldenDratini U,1055,4,4,0,0,1.0
1207,ShinyWobbuffet U,944,4,0,4,0,0.0
1208,Hariyama F,944,4,0,4,0,0.0
1209,GoldenCacturne U,1055,4,4,0,0,1.0
1210,DarkMienfoo M,945,4,0,4,0,0.0
1211,DarkCroconaw F,972,12,4,8,0,0.333333
1212,GoldenCryogonal G,1093,8,8,0,0,1.0
1213,Watchog F,935,4,0,4,0,0.0
1214,Raichu (Alola) M,1057,4,4,0,0,1.0
1215,Shelmet F,944,4,0,4,0,0.0
1216,ShinyStarmie G,1055,4,4,0,0,1.0
1217,ShinyMrMime M,944,4,0,4,0,0.0
1218,Aerodactyl M,1000,4,0,0,4,0.0
1219,DarkDruddigon M,1055,4,4,0,0,1.0
1220,DarkTreecko M,952,4,0,4,0,0.0
1221,ShinyGeodude M,959,4,0,4,0,0.0
1222,ShinyVulpix F,1063,8,4,0,4,0.5
1223,ShinyAzumarill F,935,4,0,4,0,0.0
1224,Jynx U,1000,4,0,0,4,0.0
1225,ShinyDiglett M,944,4,0,4,0,0.0
1226,ShinySerperior F,1056,4,4,0,0,1.0
1227,DarkVivillon (Sandstorm) F,1055,4,4,0,0,1.0
1228,GoldenCombusken F,1024,8,4,4,0,0.5
1229,GoldenHoundoom M,1048,4,4,0,0,1.0
1230,Pikachu U,997,8,4,4,0,0.5
1231,DarkPoliwag F,935,4,0,4,0,0.0
1232,DarkAbomasnow F,944,4,0,4,0,0.0
1233,Solosis M,944,4,0,4,0,0.0
1234,Togekiss F,1002,8,4,4,0,0.5
1235,ShinyFloatzel M,1017,12,4,4,4,0.333333
1236,Pichu M,989,8,4,4,0,0.5
1237,DarkJirachi G,1055,4,4,0,0,1.0
1238,Clauncher M,1064,4,4,0,0,1.0
1239,Doublade M,1010,8,4,4,0,0.5
1240,ShinyPrimeape M,944,4,0,4,0,0.0
1241,DarkForretress U,1055,4,4,0,0,1.0
1242,DarkMankey F,935,4,0,4,0,0.0
1243,ShinyMusharna M,1047,4,4,0,0,1.0
1244,Zangoose F,1055,4,4,0,0,1.0
1245,GoldenGraveler F,1055,4,4,0,0,1.0
1246,Rowlet M,944,8,0,4,4,0.0
1247,DarkPyukumuku M,1055,4,4,0,0,1.0
1248,DarkShiftry F,944,4,0,4,0,0.0
1249,Feraligatr U,944,4,0,4,0,0.0
1250,ShinySlurpuff M,959,4,0,4,0,0.0
1251,Kricketune F,944,4,0,4,0,0.0
1252,Trubbish F,935,4,0,4,0,0.0
1253,Carvanha M,1033,12,4,4,4,0.333333
1254,Wailmer M,898,12,0,8,4,0.0
1255,ShinyForretress F,989,8,4,4,0,0.5
1256,Roggenrola F,929,4,0,4,0,0.0
1257,DarkSylveon F,1055,12,4,0,8,0.333333
1258,DarkShelgon M,1055,4,4,0,0,1.0
1259,Diglett U,1054,8,4,0,4,0.5
1260,GoldenVivillon (Jungle) F,952,4,0,4,0,0.0
1261,ShinyZigzagoon M,918,10,0,6,4,0.0
1262,ShinyOshawott F,1099,8,8,0,0,1.0
1263,GoldenLeafeon U,1055,4,4,0,0,1.0
1264,ShinyTurtonator M,898,8,0,8,0,0.0
1265,ShinyTranquill M,952,4,0,4,0,0.0
1266,Corsola U,1047,4,4,0,0,1.0
1267,GoldenDeerling (Winter) M,1055,4,4,0,0,1.0
1268,Grotle F,951,8,0,4,4,0.0
1269,Poliwhirl F,944,4,0,4,0,0.0
1270,DarkFarfetchd U,1055,4,4,0,0,1.0
1271,DarkRapidash M,944,4,0,4,0,0.0
1272,GoldenFlareon M,1055,4,4,0,0,1.0
1273,ShinyStunky M,1055,4,4,0,0,1.0
1274,Carracosta M,944,4,0,4,0,0.0
1275,ShinySneasel M,952,4,0,4,0,0.0
1276,DarkMedicham M,1055,4,4,0,0,1.0
1277,Rayquaza G,944,4,0,4,0,0.0
1278,GoldenPumpkaboo (Super) M,935,4,0,4,0,0.0
1279,ShinyRibombee F,1055,4,4,0,0,1.0
1280,ShinyVivillon (Archipelago) F,1064,4,4,0,0,1.0
1281,DarkKabuto M,979,12,4,8,0,0.333333
1282,Tyrogue G,989,8,4,4,0,0.5
1283,Marowak (Alola) F,1055,4,4,0,0,1.0
1284,DarkWalrein F,952,8,0,4,4,0.0
1285,Graveler M,927,4,0,4,0,0.0
1286,GoldenTotodile F,1055,4,4,0,0,1.0
1287,ShinyRufflet M,1047,8,4,0,4,0.5
1288,Skarmory M,944,4,0,4,0,0.0
1289,DarkMamoswine M,1023,16,4,4,8,0.25
1290,ShinyZapdos G,1055,4,4,0,0,1.0
1291,Spearow F,944,4,0,4,0,0.0
1292,Plusle M,944,4,0,4,0,0.0
1293,Cryogonal G,944,4,0,4,0,0.0
1294,DarkEevee F,1055,4,4,0,0,1.0
1295,ShinyMedicham M,944,4,0,4,0,0.0
1296,Torracat M,944,4,0,4,0,0.0
1297,DarkKrookodile F,952,4,0,4,0,0.0
1298,ShinyCombee F,1064,4,4,0,0,1.0
1299,Vivillon (Marine) F,1055,4,4,0,0,1.0
1300,DarkSlakoth M,944,4,0,4,0,0.0
1301,Poochyena U,1055,4,4,0,0,1.0
1302,GoldenHoundour U,1088,8,8,0,0,1.0
1303,Phantump F,944,4,0,4,0,0.0
1304,DarkPansear M,1004,2,0,0,2,0.0
1305,GoldenMinun F,1071,6,6,0,0,1.0
1306,Dusclops F,1000,2,0,0,2,0.0
1307,Rattata (Alola) M,969,2,0,2,0,0.0
1308,Magby M,1000,2,0,0,2,0.0
1309,ShinyElectrike M,1000,2,0,0,2,0.0
1310,Goldeen F,1000,2,0,0,2,0.0
1311,ShinyTreecko U,976,6,2,4,0,0.333333
1312,ShinyTangrowth F,1000,6,0,0,6,0.0
1313,gloom,946,4,0,4,0,0.0
1314,squirtle,946,4,0,4,0,0.0
1315,bulbasaur,810,36,0,36,0,0.0
1316,Nidoking U,1000,4,0,0,4,0.0
1317,GoldenSandshrew (Alola) M,1000,4,0,0,4,0.0
1318,ShinyPupitar U,1000,4,0,0,4,0.0
1319,DarkZangoose F,1053,8,4,0,4,0.5
1320,Abra M,1000,4,0,0,4,0.0
1321,DarkExeggutor (Alola) F,1000,4,0,0,4,0.0
1322,ShinyBlastoise F,1053,4,4,0,0,1.0
1323,Armaldo G,1053,4,4,0,0,1.0
1324,DarkCubone F,1053,4,4,0,0,1.0
1325,Mantine F,991,8,4,4,0,0.5
1326,ShinySquirtle M,946,4,0,4,0,0.0
1327,ShinyCombusken M,946,4,0,4,0,0.0
1328,ShinyShiftry F,946,4,0,4,0,0.0
1329,GoldenMarowak F,946,4,0,4,0,0.0
1330,Lucario F,946,4,0,4,0,0.0
1331,Serperior F,946,4,0,4,0,0.0
1332,ShinyThroh M,946,4,0,4,0,0.0
1333,Tranquill F,946,4,0,4,0,0.0
1334,Huntail M,946,4,0,4,0,0.0
1335,GoldenBoldore M,1053,8,4,0,4,0.5
1336,Hippopotas M,1000,4,0,0,4,0.0
1337,DarkHonedge M,1000,4,0,0,4,0.0
1338,ShinyPolitoed F,1000,4,0,0,4,0.0
1339,DarkGengar M,1000,4,0,0,4,0.0
1340,Arceus (Normal) G,1000,4,0,0,4,0.0
1341,Mudbray F,1000,4,0,0,4,0.0
1342,GoldenKingler M,1000,4,0,0,4,0.0
1343,DarkSceptile F,1000,4,0,0,4,0.0
1344,Throh M,1000,4,0,0,4,0.0
1345,DarkWooper M,932,8,0,4,4,0.0
1346,DarkBuneary F,1053,4,4,0,0,1.0
1347,Black Kyurem G,1053,4,4,0,0,1.0
1348,DarkRoggenrola F,900,8,0,8,0,0.0
1349,GoldenPangoro F,1053,4,4,0,0,1.0
1350,Torracat F,1008,12,4,4,4,0.333333
1351,DarkForretress M,1053,4,4,0,0,1.0
1352,DarkCharizard U,1008,8,4,4,0,0.5
1353,GoldenSunkern U,1053,4,4,0,0,1.0
1354,DarkPumpkaboo (Average) M,1000,4,0,0,4,0.0
1355,Zweilous F,1053,4,4,0,0,1.0
1356,Steenee F,900,8,0,8,0,0.0
1357,DarkTogekiss M,900,8,0,8,0,0.0
1358,ShinyJoltik M,1053,4,4,0,0,1.0
1359,Skiddo M,946,4,0,4,0,0.0
1360,Mothim M,946,4,0,4,0,0.0
1361,ShinyScolipede M,1053,4,4,0,0,1.0
1362,Spheal F,900,8,0,8,0,0.0
1363,ShinyPorygon-Z G,1000,4,0,0,4,0.0
1364,Absol F,946,4,0,4,0,0.0
1365,DarkPurugly F,1000,8,0,0,8,0.0
1366,ShinyUnfezant F,1000,12,0,0,12,0.0
1367,Wooper U,991,8,4,4,0,0.5
1368,Tyranitar U,1053,4,4,0,0,1.0
1369,ShinySandslash M,946,4,0,4,0,0.0
1370,ShinyVivillon (Continental) M,893,8,0,8,0,0.0
1371,Spoink M,946,4,0,4,0,0.0
1372,ShinySolrock G,946,4,0,4,0,0.0
1373,DarkGengar F,1008,8,4,4,0,0.5
1374,Hydreigon F,900,8,0,8,0,0.0
1375,DarkMarowak (Alola) F,946,4,0,4,0,0.0
1376,Finneon F,946,4,0,4,0,0.0
1377,DarkCorphish M,946,4,0,4,0,0.0
1378,Shroomish F,946,4,0,4,0,0.0
1379,ShinySwadloon M,946,4,0,4,0,0.0
1380,DarkGoldeen F,946,4,0,4,0,0.0
1381,ShinyBinacle M,946,4,0,4,0,0.0
1382,ShinyDragonair F,946,4,0,4,0,0.0
1383,GoldenVulpix (Alola) M,938,4,0,4,0,0.0
1384,ShinyMaractus M,946,4,0,4,0,0.0
1385,DarkSurskit M,999,8,4,4,0,0.5
1386,UnownG G,946,4,0,4,0,0.0
1387,Mudkip M,946,4,0,4,0,0.0
1388,UnownR U,946,4,0,4,0,0.0
1389,DarkCyndaquil M,946,4,0,4,0,0.0
1390,ShinyVivillon (Modern) M,946,4,0,4,0,0.0
1391,Kingler U,946,4,0,4,0,0.0
1392,DarkDeerling (Winter) F,946,4,0,4,0,0.0
1393,Pyroar M,946,4,0,4,0,0.0
1394,ShinyShuckle U,975,12,4,8,0,0.333333
1395,DarkGrimer F,953,12,4,8,0,0.333333
1396,DarkSceptile M,946,4,0,4,0,0.0
1397,ShinyBeartic F,900,8,0,8,0,0.0
1398,ShinyRotom (Frost) G,946,4,0,4,0,0.0
1399,ShinyAudino M,946,4,0,4,0,0.0
1400,Marowak (Alola) U,1010,8,4,4,0,0.5
1401,ShinyPidove M,1008,8,4,4,0,0.5
1402,Cloyster M,946,4,0,4,0,0.0
1403,DarkGraveler M,946,4,0,4,0,0.0
1404,GoldenMamoswine M,946,4,0,4,0,0.0
1405,Gligar M,946,4,0,4,0,0.0
1406,Slowbro U,946,4,0,4,0,0.0
1407,Exeggcute M,946,4,0,4,0,0.0
1408,Ninetales (Alola) M,946,4,0,4,0,0.0
1409,ShinyPetilil F,946,4,0,4,0,0.0
1410,Sylveon U,946,4,0,4,0,0.0
1411,DarkHydreigon M,946,4,0,4,0,0.0
1412,GoldenCombusken M,946,4,0,4,0,0.0
1413,ShinyTogepi F,946,4,0,4,0,0.0
1414,ShinyPansear M,1008,8,4,4,0,0.5
1415,ShinyAmpharos F,946,4,0,4,0,0.0
1416,DarkMarshtomp F,946,4,0,4,0,0.0
1417,DarkAzurill F,946,4,0,4,0,0.0
1418,ShinyFlorges F,954,8,0,4,4,0.0
1419,GoldenSwinub U,946,4,0,4,0,0.0
1420,GoldenLycanroc (Midnight) M,900,8,0,8,0,0.0
1421,ShinyLedyba M,946,4,0,4,0,0.0
1422,GoldenMareep F,900,8,0,8,0,0.0
1423,DarkDrampa F,946,4,0,4,0,0.0
1424,ShinySolosis F,946,4,0,4,0,0.0
1425,DarkSableye M,946,4,0,4,0,0.0
1426,Murkrow F,946,4,0,4,0,0.0
1427,Growlithe U,946,4,0,4,0,0.0
1428,Treecko F,900,8,0,8,0,0.0
1429,DarkVivillon (Savannah) F,963,8,0,4,4,0.0
1430,ShinyLumineon F,946,4,0,4,0,0.0
1431,ShinyGoldeen M,946,4,0,4,0,0.0
1432,Paras U,946,4,0,4,0,0.0
1433,ShinyMarshtomp U,900,8,0,8,0,0.0
1434,Gible F,946,4,0,4,0,0.0
1435,DarkSunflora F,946,4,0,4,0,0.0
1436,Prinplup M,946,4,0,4,0,0.0
1437,DarkFlareon U,1008,8,4,4,0,0.5
1438,Porygon-Z U,946,4,0,4,0,0.0
1439,Tranquill M,946,4,0,4,0,0.0
1440,Weavile F,900,8,0,8,0,0.0
1441,ShinyRiolu M,946,4,0,4,0,0.0
1442,Gourgeist (Super) F,946,4,0,4,0,0.0
1443,ShinyRotom (Fan) G,946,4,0,4,0,0.0
1444,DarkKlink G,946,4,0,4,0,0.0
1445,Metapod U,1008,8,4,4,0,0.5
1446,ShinyVivillon (Ocean) F,946,4,0,4,0,0.0
1447,GoldenTotodile U,946,4,0,4,0,0.0
1448,ShinyMagby M,946,4,0,4,0,0.0
1449,Ampharos F,946,4,0,4,0,0.0
1450,DarkElgyem F,946,4,0,4,0,0.0
1451,ShinyServine F,962,12,4,8,0,0.333333
1452,Cutiefly M,946,4,0,4,0,0.0
1453,Clamperl M,946,4,0,4,0,0.0
1454,DarkUnownV G,946,4,0,4,0,0.0
1455,ShinyHonedge M,946,4,0,4,0,0.0
1456,ShinyMachoke M,900,8,0,8,0,0.0
1457,Lickilicky U,954,4,0,4,0,0.0
1458,Luvdisc F,938,4,0,4,0,0.0
1459,Larvitar U,946,4,0,4,0,0.0
1460,Jolteon M,946,4,0,4,0,0.0
1461,Gurdurr F,915,12,0,8,4,0.0
1462,ShinyPidove F,938,4,0,4,0,0.0
1463,Croagunk F,946,4,0,4,0,0.0
1464,ShinyGloom M,946,4,0,4,0,0.0
1465,ShinyDurant U,946,4,0,4,0,0.0
1466,ShinyKangaskhan U,946,4,0,4,0,0.0
1467,ShinyPiplup F,1008,8,4,4,0,0.5
1468,DarkDeerling (Summer) M,1008,8,4,4,0,0.5
1469,Arbok U,1016,8,4,4,0,0.5
1470,Luvdisc M,946,4,0,4,0,0.0
1471,Hitmontop M,946,4,0,4,0,0.0
1472,DarkSolosis M,946,4,0,4,0,0.0
1473,DarkFroslass F,962,8,0,4,4,0.0
1474,DarkJangmo-o F,946,4,0,4,0,0.0
1475,Cacnea M,938,4,0,4,0,0.0
1476,Cascoon F,946,4,0,4,0,0.0
1477,DarkSpheal M,900,8,0,8,0,0.0
1478,GoldenDuskull M,946,4,0,4,0,0.0
1479,Spinda U,954,4,0,4,0,0.0
1480,DarkSneasel M,946,4,0,4,0,0.0
1481,ShinyGoldeen F,946,4,0,4,0,0.0
1482,GoldenExeggcute M,946,4,0,4,0,0.0
1483,GoldenRalts F,946,4,0,4,0,0.0
1484,ShinyBellsprout M,946,4,0,4,0,0.0
1485,ShinyGothita F,946,4,0,4,0,0.0
1486,DarkScrafty F,900,8,0,8,0,0.0
1487,DarkFeebas M,953,4,0,4,0,0.0
1488,GoldenMightyena M,946,4,0,4,0,0.0
1489,ShinyNatu M,946,4,0,4,0,0.0
1490,Tyrantrum M,1006,12,4,4,4,0.333333
1491,ShinyRockruff M,900,8,0,8,0,0.0
1492,ShinyGoomy F,946,4,0,4,0,0.0
1493,ShinyKecleon M,946,4,0,4,0,0.0
1494,Noivern F,946,4,0,4,0,0.0
1495,GoldenWailmer U,1008,8,4,4,0,0.5
1496,GoldenFletchinder M,946,4,0,4,0,0.0
1497,ShinyShroomish F,946,4,0,4,0,0.0
1498,GoldenIncineroar M,946,4,0,4,0,0.0
1499,DarkSquirtle U,938,4,0,4,0,0.0
1500,DarkBruxish F,946,4,0,4,0,0.0
1501,ShinyTurtwig M,1008,8,4,4,0,0.5
1502,ShinySnorlax F,946,4,0,4,0,0.0
1503,GoldenVivillon (Highplains) M,946,4,0,4,0,0.0
1504,GoldenMurkrow U,946,4,0,4,0,0.0
1505,DarkClauncher F,946,4,0,4,0,0.0
1506,ShinySwellow F,946,4,0,4,0,0.0
1507,Barboach M,946,4,0,4,0,0.0
1508,Mawile M,946,4,0,4,0,0.0
1509,GoldenFlaaffy U,946,4,0,4,0,0.0
1510,DarkNidorino U,1008,8,4,4,0,0.5
1511,DarkGurdurr F,946,4,0,4,0,0.0
1512,ShinyLugia U,1053,4,4,0,0,1.0
1513,Kingdra F,938,4,0,4,0,0.0
1514,DarkSwampert F,1000,4,0,0,4,0.0
1515,ShinyKricketot M,946,4,0,4,0,0.0
1516,Mantine U,946,4,0,4,0,0.0
1517,ShinyFrogadier M,938,8,0,4,4,0.0
1518,Honedge F,1000,4,0,0,4,0.0
1519,DarkRemoraid F,1000,4,0,0,4,0.0
1520,ShinyCherrim F,1000,4,0,0,4,0.0
1521,Mimikyu M,946,4,0,4,0,0.0
1522,DarkDewgong M,1000,4,0,0,4,0.0
1523,GoldenSandshrew (Alola) F,1053,4,4,0,0,1.0
1524,GoldenDragonair U,1053,4,4,0,0,1.0
1525,ShinyGardevoir F,1000,4,0,0,4,0.0
1526,DarkNidorina U,1053,4,4,0,0,1.0
1527,ShinyVivillon (River) F,946,4,0,4,0,0.0
1528,Lombre M,893,8,0,8,0,0.0
1529,Frillish M,1045,4,4,0,0,1.0
1530,Omastar F,946,4,0,4,0,0.0
1531,Scizor G,1053,4,4,0,0,1.0
1532,Elekid M,946,4,0,4,0,0.0
1533,Dusknoir F,954,8,0,4,4,0.0
1534,ShinySimisear M,946,4,0,4,0,0.0
1535,Blitzle F,946,4,0,4,0,0.0
1536,Musharna F,946,4,0,4,0,0.0
1537,UnownK U,946,4,0,4,0,0.0
1538,ShinyKakuna F,946,4,0,4,0,0.0
1539,GoldenEevee G,1053,4,4,0,0,1.0
1540,Incineroar F,946,4,0,4,0,0.0
1541,Machamp F,938,4,0,4,0,0.0
1542,GoldenOshawott M,1053,4,4,0,0,1.0
1543,DarkBayleef M,946,4,0,4,0,0.0
1544,ShinyUrsaring U,1099,8,8,0,0,1.0
1545,DarkCastform (Rainy) M,946,4,0,4,0,0.0
1546,ShinyDedenne F,946,4,0,4,0,0.0
1547,Bulbasaur F,1053,4,4,0,0,1.0
1548,DarkEevee U,1099,8,8,0,0,1.0
1549,GoldenMeowth F,1053,4,4,0,0,1.0
1550,ShinyFloatzel F,1053,4,4,0,0,1.0
1551,ShinyVivillon (Meadow) F,991,8,4,4,0,0.5
1552,Alomomola F,946,4,0,4,0,0.0
1553,Raticate F,946,4,0,4,0,0.0
1554,DarkGolduck F,946,4,0,4,0,0.0
1555,DarkIvysaur M,1053,4,4,0,0,1.0
1556,ShinySlugma F,954,8,0,4,4,0.0
1557,ShinyRoselia F,946,4,0,4,0,0.0
1558,Teddiursa F,946,4,0,4,0,0.0
1559,GoldenKadabra F,1008,8,4,4,0,0.5
1560,DarkEelektross F,991,8,4,4,0,0.5
1561,Gourgeist (Small) M,962,8,0,4,4,0.0
1562,GoldenPupitar M,1099,8,8,0,0,1.0
1563,ShinyMetapod U,1099,8,8,0,0,1.0
1564,DarkAccelgor M,946,4,0,4,0,0.0
1565,GoldenVivillon (Garden) M,1053,4,4,0,0,1.0
1566,ShinyButterfree U,1038,8,4,0,4,0.5
1567,Noctowl M,946,4,0,4,0,0.0
1568,DarkBastiodon M,1053,4,4,0,0,1.0
1569,DarkPurrloin M,1053,4,4,0,0,1.0
1570,Makuhita M,954,4,0,4,0,0.0
1571,DarkMuk F,946,4,0,4,0,0.0
1572,Reuniclus M,1045,4,4,0,0,1.0
1573,Arcanine F,1053,4,4,0,0,1.0
1574,ShinyUrsaring M,1053,4,4,0,0,1.0
1575,Grovyle M,946,4,0,4,0,0.0
1576,ShinyBarboach M,946,4,0,4,0,0.0
1577,UnownO G,946,8,0,4,4,0.0
1578,Venusaur M,1044,4,4,0,0,1.0
1579,ShinyDrampa F,954,4,0,4,0,0.0
1580,Excadrill M,938,4,0,4,0,0.0
1581,DarkBayleef F,1053,4,4,0,0,1.0
1582,DarkGastly M,1045,4,4,0,0,1.0
1583,ShinyFeebas F,1172,16,16,0,0,1.0
1584,Seadra U,954,8,0,4,4,0.0
1585,Glalie M,946,4,0,4,0,0.0
1586,Purrloin M,900,8,0,8,0,0.0
1587,DarkRockruff F,1053,4,4,0,0,1.0
1588,DarkMinun F,1008,4,0,0,4,0.0
1589,DarkSlakoth F,1008,8,4,4,0,0.5
1590,ShinyCharmeleon F,1099,8,8,0,0,1.0
1591,ShinyCharmander F,1061,4,4,0,0,1.0
1592,DarkSealeo M,1053,4,4,0,0,1.0
1593,ShinyTangela G,1053,4,4,0,0,1.0
1594,GoldenPansear M,1053,4,4,0,0,1.0
1595,Swoobat F,954,4,0,4,0,0.0
1596,ShinyTogetic M,946,4,0,4,0,0.0
1597,Vanilluxe F,946,4,0,4,0,0.0
1598,Boldore F,853,12,0,12,0,0.0
1599,ShinyVivillon (Jungle) F,946,4,0,4,0,0.0
1600,DarkPanpour F,991,8,4,4,0,0.5
1601,Torchic M,946,4,0,4,0,0.0
1602,Snover F,938,4,0,4,0,0.0
1603,ShinyBreloom M,1053,4,4,0,0,1.0
1604,GoldenPikachu M,1053,4,4,0,0,1.0
1605,ShinyMonferno F,1053,4,4,0,0,1.0
1606,ShinyScizor M,1053,4,4,0,0,1.0
1607,Vulpix G,893,8,0,8,0,0.0
1608,DarkConkeldurr F,1053,4,4,0,0,1.0
1609,DarkNatu M,946,4,0,4,0,0.0
1610,Heliolisk F,1053,4,4,0,0,1.0
1611,GoldenSnivy M,1053,4,4,0,0,1.0
1612,DarkLinoone M,946,4,0,4,0,0.0
1613,Aerodactyl U,1053,4,4,0,0,1.0
1614,Breloom M,946,4,0,4,0,0.0
1615,Nidorina U,1053,4,4,0,0,1.0
1616,ShinyKabuto M,946,4,0,4,0,0.0
1617,DarkBreloom F,1053,4,4,0,0,1.0
1618,Cherubi F,946,4,0,4,0,0.0
1619,DarkQwilfish F,946,4,0,4,0,0.0
1620,GoldenGolduck U,1045,4,4,0,0,1.0
1621,DarkTurtonator F,1053,4,4,0,0,1.0
1622,Pineco F,938,4,0,4,0,0.0
1623,Ledyba F,1000,4,0,0,4,0.0
1624,GoldenBoldore F,946,4,0,4,0,0.0
1625,Machoke F,946,4,0,4,0,0.0
1626,Primarina F,938,4,0,4,0,0.0
1627,Dratini U,946,4,0,4,0,0.0
1628,ShinyAbsol F,946,4,0,4,0,0.0
1629,DarkGrovyle F,946,4,0,4,0,0.0
1630,ShinyNidorina U,946,4,0,4,0,0.0
1631,GoldenCubone U,1053,4,4,0,0,1.0
1632,GoldenBulbasaur M,1099,8,8,0,0,1.0
1633,GoldenKabutops U,946,4,0,4,0,0.0
1634,Boldore M,1000,4,0,0,4,0.0
1635,Slaking M,946,4,0,4,0,0.0
1636,GoldenMantine F,1045,4,4,0,0,1.0
1637,ShinyDusclops M,938,4,0,4,0,0.0
1638,DarkKecleon U,946,4,0,4,0,0.0
1639,UnownB U,946,4,0,4,0,0.0
1640,Hydreigon M,946,4,0,4,0,0.0
1641,DarkRhyhorn M,946,4,0,4,0,0.0
1642,ShinyGolem F,946,4,0,4,0,0.0
1643,GoldenChatot F,1053,4,4,0,0,1.0
1644,Raticate M,938,4,0,4,0,0.0
1645,Voltorb U,946,4,0,4,0,0.0
1646,DarkPrinplup F,954,8,0,4,4,0.0
1647,DarkMachoke M,1000,4,0,0,4,0.0
1648,DarkHuntail M,1000,4,0,0,4,0.0
1649,ShinyKlang G,861,12,0,12,0,0.0
1650,ShinyCyndaquil M,946,4,0,4,0,0.0
1651,DarkHeatran M,946,4,0,4,0,0.0
1652,Togedemaru F,946,8,0,4,4,0.0
1653,GoldenSwinub F,1053,4,4,0,0,1.0
1654,GoldenCharmeleon F,1053,4,4,0,0,1.0
1655,ShinyPurugly M,1000,4,0,0,4,0.0
1656,ShinyKricketune F,1000,4,0,0,4,0.0
1657,Gorebyss F,946,4,0,4,0,0.0
1658,GoldenSunkern F,1053,4,4,0,0,1.0
1659,GoldenSandshrew F,1053,4,4,0,0,1.0
1660,Arcanine M,946,4,0,4,0,0.0
1661,ShinyCorphish M,954,4,0,4,0,0.0
1662,DarkBudew F,946,4,0,4,0,0.0
1663,DarkMrMime M,946,4,0,4,0,0.0
1664,Liepard M,954,8,0,4,4,0.0
1665,ShinyKadabra F,1045,8,4,0,4,0.5
1666,ShinyMiltank F,954,4,0,4,0,0.0
1667,DarkWhismur F,1053,4,4,0,0,1.0
1668,Seedot U,946,4,0,4,0,0.0
1669,DarkAron U,946,4,0,4,0,0.0
1670,GoldenGogoat M,946,4,0,4,0,0.0
1671,Parasect M,938,4,0,4,0,0.0
1672,Conkeldurr M,946,4,0,4,0,0.0
1673,Snorunt U,961,8,0,4,4,0.0
1674,ShinyChinchou F,946,4,0,4,0,0.0
1675,ShinyDarumaka F,946,4,0,4,0,0.0
1676,Nincada U,1053,4,4,0,0,1.0
1677,Zorua M,946,4,0,4,0,0.0
1678,GoldenNinetales M,1053,4,4,0,0,1.0
1679,Slugma M,946,4,0,4,0,0.0
1680,DarkIvysaur F,1061,4,4,0,0,1.0
1681,ShinyVolcarona M,1061,4,4,0,0,1.0
1682,Smoochum G,946,4,0,4,0,0.0
1683,Maractus F,1053,4,4,0,0,1.0
1684,ShinyGogoat M,1053,4,4,0,0,1.0
1685,GoldenHydreigon M,1053,4,4,0,0,1.0
1686,GoldenZygarde (50) G,1053,4,4,0,0,1.0
1687,Carvanha U,946,4,0,4,0,0.0
1688,ShinyBrionne M,1053,4,4,0,0,1.0
1689,ShinyZoroark F,1045,8,4,0,4,0.5
1690,Ducklett F,946,4,0,4,0,0.0
1691,GoldenAxew M,1053,4,4,0,0,1.0
1692,ShinyKrabby M,946,4,0,4,0,0.0
1693,GoldenLuxio F,1053,4,4,0,0,1.0
1694,ShinyPumpkaboo (Average) F,946,4,0,4,0,0.0
1695,ShinyLanturn F,1000,4,0,0,4,0.0
1696,ShinyExcadrill M,1000,8,0,0,8,0.0
1697,Riolu M,1000,4,0,0,4,0.0
1698,DarkKrabby F,1000,4,0,0,4,0.0
1699,ShinyNoivern M,1000,4,0,0,4,0.0
1700,Dustox F,1000,4,0,0,4,0.0
1701,DarkRotom (Wash) G,1000,4,0,0,4,0.0
1702,Golbat F,1000,4,0,0,4,0.0
1703,GoldenTyrogue U,1131,12,12,0,0,1.0
1704,Staryu G,954,4,0,4,0,0.0
1705,DarkLapras U,1053,4,4,0,0,1.0
1706,Combee F,1000,4,0,0,4,0.0
1707,Meowth U,1053,4,4,0,0,1.0
1708,ShinyStufful F,1053,4,4,0,0,1.0
1709,Crawdaunt F,1000,4,0,0,4,0.0
1710,Luxray F,946,4,0,4,0,0.0
1711,ShinyPiplup M,946,4,0,4,0,0.0
1712,DarkMeowth M,993,8,0,0,8,0.0
1713,ShinyAzumarill U,1053,4,4,0,0,1.0
1714,ShinyPinsir F,1000,4,0,0,4,0.0
1715,GoldenGible F,1053,4,4,0,0,1.0
1716,Vivillon (Savannah) M,1000,4,0,0,4,0.0
1717,ShinyHoppip F,908,8,0,8,0,0.0
1718,DarkSamurott F,1000,4,0,0,4,0.0
1719,Deoxys (Defense) G,1000,4,0,0,4,0.0
1720,DarkWormadam (Trash) F,1000,4,0,0,4,0.0
1721,DarkVivillon (Icy Snow) F,1000,4,0,0,4,0.0
1722,DarkHeracross U,1053,4,4,0,0,1.0
1723,Mamoswine U,1053,4,4,0,0,1.0
1724,Pansear F,1000,4,0,0,4,0.0
1725,ShinyTentacruel U,1053,4,4,0,0,1.0
1726,Bagon F,1000,4,0,0,4,0.0
1727,Mismagius M,1000,4,0,0,4,0.0
1728,Anorith M,946,4,0,4,0,0.0
1729,DarkTurtwig M,1000,4,0,0,4,0.0
1730,Turtwig M,1000,4,0,0,4,0.0
1731,Swinub F,1000,4,0,0,4,0.0
1732,Gardevoir U,1045,4,4,0,0,1.0
1733,ShinySpewpa M,1008,4,0,0,4,0.0
1734,Bidoof M,1000,4,0,0,4,0.0
1735,Lairon M,1000,4,0,0,4,0.0
1736,DarkPyukumuku F,1008,4,0,0,4,0.0
1737,Kakuna F,991,4,0,0,4,0.0
1738,Walrein F,991,4,0,0,4,0.0
1739,Marshtomp F,1000,4,0,0,4,0.0
1740,Beedrill U,1000,4,0,0,4,0.0
1741,Gothorita M,991,4,0,0,4,0.0
1742,GoldenTropius F,1099,8,8,0,0,1.0
1743,ShinyLillipup M,1000,4,0,0,4,0.0
1744,GoldenOddish M,1053,4,4,0,0,1.0
1745,ShinySigilyph F,1000,4,0,0,4,0.0
1746,GoldenTauros F,1000,4,0,0,4,0.0
1747,GoldenLitwick F,1053,4,4,0,0,1.0
1748,Cacturne F,946,4,0,4,0,0.0
1749,DarkChinchou M,985,4,0,0,4,0.0
1750,ShinyMagmortar M,1000,4,0,0,4,0.0
1751,ShinyTangela F,946,4,0,4,0,0.0
1752,DarkClefairy F,946,4,0,4,0,0.0
1753,ShinyDruddigon F,1053,4,4,0,0,1.0
1754,Remoraid U,1000,4,0,0,4,0.0
1755,Scyther F,1000,4,0,0,4,0.0
1756,Magcargo M,1000,8,0,0,8,0.0
1757,Dunsparce U,1045,8,4,0,4,0.5
1758,GoldenBeedrill M,946,4,0,4,0,0.0
1759,Gothitelle F,946,4,0,4,0,0.0
1760,GoldenSandshrew (Alola) U,1045,4,4,0,0,1.0
1761,Gligar U,1053,4,4,0,0,1.0
1762,Shaymin (Sky) G,1000,4,0,0,4,0.0
1763,GoldenBrionne M,1040,4,4,0,0,1.0
1764,Golbat M,946,4,0,4,0,0.0
1765,Marill U,954,12,0,4,8,0.0
1766,ShinyWailord F,991,4,0,0,4,0.0
1767,DarkShroomish M,1000,4,0,0,4,0.0
1768,DarkLedyba M,1000,8,0,0,8,0.0
1769,ShinyManectric F,1053,4,4,0,0,1.0
1770,DarkSandslash M,946,4,0,4,0,0.0
1771,UnownX G,946,4,0,4,0,0.0
1772,DarkSnover M,946,4,0,4,0,0.0
1773,Ledian M,954,4,0,4,0,0.0
1774,ShinySwampert U,1000,4,0,0,4,0.0
1775,GoldenTrapinch F,1053,4,4,0,0,1.0
1776,DarkDragonair F,1000,4,0,0,4,0.0
1777,ShinySeedot U,1053,4,4,0,0,1.0
1778,ShinyTentacruel M,1000,4,0,0,4,0.0
1779,ShinyDuskull F,1000,4,0,0,4,0.0
1780,DarkSunflora M,946,4,0,4,0,0.0
1781,ShinyStantler M,1000,4,0,0,4,0.0
1782,DarkDitto G,1008,8,0,0,8,0.0
1783,DarkGreninja F,1053,4,4,0,0,1.0
1784,Mudkip U,1053,4,4,0,0,1.0
1785,Mienshao F,946,4,0,4,0,0.0
1786,Drampa F,954,4,0,4,0,0.0
1787,Clawitzer M,938,4,0,4,0,0.0
1788,Cubchoo M,1000,4,0,0,4,0.0
1789,Zubat M,946,4,0,4,0,0.0
1790,ShinyZigzagoon F,1045,8,4,0,4,0.5
1791,ShinyChimchar F,1000,4,0,0,4,0.0
1792,GoldenSunflora F,1099,8,8,0,0,1.0
1793,GoldenPyroar M,946,4,0,4,0,0.0
1794,Wurmple M,946,4,0,4,0,0.0
1795,DarkTentacruel F,946,4,0,4,0,0.0
1796,DarkNidoqueen F,946,4,0,4,0,0.0
1797,DarkBellossom M,946,4,0,4,0,0.0
1798,ShinyPancham F,1000,4,0,0,4,0.0
1799,DarkRhydon U,1053,4,4,0,0,1.0
1800,ShinyTeddiursa M,1000,4,0,0,4,0.0
1801,Dragonair F,1000,4,0,0,4,0.0
1802,Beheeyem F,946,4,0,4,0,0.0
1803,ShinyMachop M,946,4,0,4,0,0.0
1804,Swampert M,900,8,0,8,0,0.0
1805,DarkOnix M,954,4,0,4,0,0.0
1806,GoldenSealeo F,954,4,0,4,0,0.0
1807,DarkVivillon (Sun) M,1000,4,0,0,4,0.0
1808,Darmanitan M,946,4,0,4,0,0.0
1809,Budew F,946,4,0,4,0,0.0
1810,Flareon U,1053,4,4,0,0,1.0
1811,ShinyHoundour F,1045,4,4,0,0,1.0
1812,ShinySentret M,1000,4,0,0,4,0.0
1813,Ponyta M,946,4,0,4,0,0.0
1814,Lotad U,1053,4,4,0,0,1.0
1815,DarkAnorith M,1000,8,0,0,8,0.0
1816,DarkGolem M,938,4,0,4,0,0.0
1817,ShinyCarnivine F,948,8,0,4,4,0.0
1818,Grimer M,946,8,0,4,4,0.0
1819,ShinyHaxorus M,1045,4,4,0,0,1.0
1820,GoldenLarvitar M,1053,4,4,0,0,1.0
1821,GoldenBlitzle M,1053,4,4,0,0,1.0
1822,GoldenSwampert M,1053,4,4,0,0,1.0
1823,DarkDrapion F,1000,4,0,0,4,0.0
1824,ShinyVivillon (Highplains) F,991,4,0,0,4,0.0
1825,DarkPumpkaboo (Small) M,1000,4,0,0,4,0.0
1826,ShinyMagmortar F,954,4,0,4,0,0.0
1827,DarkPachirisu F,946,4,0,4,0,0.0
1828,DarkSmoochum F,1000,4,0,0,4,0.0
1829,GoldenLycanroc (Midnight) F,946,4,0,4,0,0.0
1830,DarkHitmontop M,946,4,0,4,0,0.0
1831,ShinyJumpluff M,1000,4,0,0,4,0.0
1832,Dodrio M,954,12,0,4,8,0.0
1833,Stunky M,1000,4,0,0,4,0.0
1834,Remoraid F,954,4,0,4,0,0.0
1835,Toxicroak M,1000,4,0,0,4,0.0
1836,Clamperl U,1053,4,4,0,0,1.0
1837,Qwilfish U,1053,4,4,0,0,1.0
1838,ShinyRotom G,1000,4,0,0,4,0.0
1839,DarkMeowth F,991,4,0,0,4,0.0
1840,Aggron M,1000,4,0,0,4,0.0
1841,ShinyGlaceon F,946,4,0,4,0,0.0
1842,GoldenRotom (Heat) G,1053,4,4,0,0,1.0
1843,Donphan U,946,4,0,4,0,0.0
1844,Delphox F,1000,4,0,0,4,0.0
1845,Vivillon (Highplains) F,1008,4,0,0,4,0.0
1846,DarkStantler F,991,4,0,0,4,0.0
1847,Combusken U,1000,4,0,0,4,0.0
1848,DarkRhyhorn U,1068,4,4,0,0,1.0
1849,ShinyRemoraid M,946,4,0,4,0,0.0
1850,ShinyVibrava M,1000,4,0,0,4,0.0
1851,DarkGrotle M,1000,4,0,0,4,0.0
1852,ShinyOnix M,1000,4,0,0,4,0.0
1853,Moltres U,1045,4,4,0,0,1.0
1854,DarkBarboach M,1000,4,0,0,4,0.0
1855,GoldenZebstrika M,1053,4,4,0,0,1.0
1856,Archeops M,1000,4,0,0,4,0.0
1857,DarkChimchar F,1000,4,0,0,4,0.0
1858,DarkNoctowl F,946,4,0,4,0,0.0
1859,Piloswine M,954,4,0,4,0,0.0
1860,GoldenMareep M,1053,4,4,0,0,1.0
1861,ShinyTrapinch M,1008,4,0,0,4,0.0
1862,ShinyOshawott M,946,4,0,4,0,0.0
1863,DarkKlefki M,1000,4,0,0,4,0.0
1864,ShinyBlitzle M,1053,4,4,0,0,1.0
1865,Pidgeot U,991,4,0,0,4,0.0
1866,GoldenWailmer F,1046,4,4,0,0,1.0
1867,DarkTepig M,1000,4,0,0,4,0.0
1868,ShinyZubat M,1000,4,0,0,4,0.0
1869,ShinyGolduck M,954,4,0,4,0,0.0
1870,GoldenFarfetchd F,1053,4,4,0,0,1.0
1871,Arceus (Electric) G,1053,4,4,0,0,1.0
1872,GoldenVivillon (Sun) M,1053,4,4,0,0,1.0
1873,GoldenNinetales (Alola) F,1053,4,4,0,0,1.0
1874,ShinyMewtwo U,1053,4,4,0,0,1.0
1875,DarkParasect M,1000,4,0,0,4,0.0
1876,ShinyHuntail F,1000,4,0,0,4,0.0
1877,GoldenMiltank U,1053,4,4,0,0,1.0
1878,Croagunk M,1007,8,0,0,8,0.0
1879,Clefable F,1000,4,0,0,4,0.0
1880,Helioptile M,1000,4,0,0,4,0.0
1881,Primeape F,1000,4,0,0,4,0.0
1882,Tyrogue M,1000,4,0,0,4,0.0
1883,Sigilyph F,900,8,0,8,0,0.0
1884,ShinyVivillon (Sandstorm) M,946,8,0,4,4,0.0
1885,Haunter U,1053,4,4,0,0,1.0
1886,ShinyPoliwag U,946,4,0,4,0,0.0
1887,ShinyGrovyle M,954,4,0,4,0,0.0
1888,Shellos (East Sea) M,953,4,0,4,0,0.0
1889,DarkLickitung F,946,4,0,4,0,0.0
1890,ShinyMarowak (Alola) M,1053,4,4,0,0,1.0
1891,DarkHeliolisk F,946,4,0,4,0,0.0
1892,ShinyBisharp F,1053,4,4,0,0,1.0
1893,DarkRaichu F,1053,4,4,0,0,1.0
1894,Venonat F,946,4,0,4,0,0.0
1895,GoldenHoopa (Confined) G,1053,4,4,0,0,1.0
1896,Houndour M,946,4,0,4,0,0.0
1897,ShinyShelmet F,1053,4,4,0,0,1.0
1898,Snivy M,946,4,0,4,0,0.0
1899,ShinyDodrio M,1045,4,4,0,0,1.0
1900,ShinyCofagrigus M,1053,4,4,0,0,1.0
1901,Psyduck U,946,4,0,4,0,0.0
1902,ShinyHypno M,977,12,4,4,4,0.333333
1903,Murkrow U,1053,4,4,0,0,1.0
1904,DarkWhiscash F,946,4,0,4,0,0.0
1905,Slurpuff M,1053,4,4,0,0,1.0
1906,GoldenFlygon M,1053,4,4,0,0,1.0
1907,ShinyOnix F,938,4,0,4,0,0.0
1908,Diggersby M,1053,4,4,0,0,1.0
1909,DarkWailord F,946,4,0,4,0,0.0
1910,Shiftry F,946,4,0,4,0,0.0
1911,ShinyIgglybuff F,1053,4,4,0,0,1.0
1912,GoldenMewtwo U,1053,4,4,0,0,1.0
1913,ShinyPikachu U,1091,8,8,0,0,1.0
1914,Lileep U,1053,4,4,0,0,1.0
1915,ShinyClaydol G,946,4,0,4,0,0.0
1916,Gothita M,1053,4,4,0,0,1.0
1917,ShinyBulbasaur G,1045,8,4,0,4,0.5
1918,GoldenAggron M,1053,4,4,0,0,1.0
1919,DarkVivillon (Polar) M,953,4,0,4,0,0.0
1920,Taillow M,946,4,0,4,0,0.0
1921,DarkElectabuzz F,1053,4,4,0,0,1.0
1922,Teddiursa M,946,4,0,4,0,0.0
1923,DarkVenomoth M,1008,8,4,4,0,0.5
1924,DarkCharmander M,946,4,0,4,0,0.0
1925,Dialga G,1053,4,4,0,0,1.0
1926,Ninjask M,954,4,0,4,0,0.0
1927,Houndoom F,946,4,0,4,0,0.0
1928,DarkMuk M,946,4,0,4,0,0.0
1929,ShinyNidoking U,1053,4,4,0,0,1.0
1930,Grumpig M,946,4,0,4,0,0.0
1931,ShinyArcanine U,1045,4,4,0,0,1.0
1932,Nuzleaf U,1053,4,4,0,0,1.0
1933,ShinyLedyba F,946,4,0,4,0,0.0
1934,ShinyCaterpie U,1099,8,8,0,0,1.0
1935,DarkBeedrill M,946,4,0,4,0,0.0
1936,DarkPoliwrath M,954,4,0,4,0,0.0
1937,Sandile F,946,4,0,4,0,0.0
1938,GoldenAlakazam M,946,4,0,4,0,0.0
1939,GoldenPidgey M,1053,4,4,0,0,1.0
1940,Ferrothorn F,946,4,0,4,0,0.0
1941,DarkPelipper F,1053,4,4,0,0,1.0
1942,GoldenTorchic U,1053,4,4,0,0,1.0
1943,Vivillon (Meadow) M,954,4,0,4,0,0.0
1944,DarkBibarel F,938,4,0,4,0,0.0
1945,GoldenChansey G,1053,4,4,0,0,1.0
1946,ShinyMagmar M,955,4,0,4,0,0.0
1947,DarkVivillon (Jungle) F,1045,4,4,0,0,1.0
1948,GoldenPoliwhirl U,1053,4,4,0,0,1.0
1949,ShinyPersian F,946,4,0,4,0,0.0
1950,DarkPrimeape U,1099,8,8,0,0,1.0
1951,ShinyNinetales F,954,4,0,4,0,0.0
1952,Phantump M,946,4,0,4,0,0.0
1953,DarkKricketune M,1045,4,4,0,0,1.0
1954,DarkFarfetchd M,946,4,0,4,0,0.0
1955,ShinySwampert M,946,4,0,4,0,0.0
1956,ShinyArbok F,946,4,0,4,0,0.0
1957,ShinyUmbreon M,1053,4,4,0,0,1.0
1958,ShinyMeloetta G,1053,4,4,0,0,1.0
1959,GoldenDartrix F,1110,8,8,0,0,1.0
1960,GoldenMagneton G,1055,4,4,0,0,1.0
1961,ShinyAmpharos M,990,4,0,0,4,0.0
1962,Whirlipede F,1015,4,0,0,4,0.0
1963,DarkLombre F,1000,4,0,0,4,0.0
1964,Pidove M,946,4,0,4,0,0.0
1965,DarkGorebyss F,946,4,0,4,0,0.0
1966,DarkDiglett F,1000,4,0,0,4,0.0
1967,DarkGliscor F,1000,4,0,0,4,0.0
1968,ShinyGolem M,954,4,0,4,0,0.0
1969,ShinySalamence F,946,4,0,4,0,0.0
1970,Delcatty F,1000,4,0,0,4,0.0
1971,Lunatone G,1000,4,0,0,4,0.0
1972,ShinyBellossom M,946,4,0,4,0,0.0
1973,ShinyYamask F,1000,4,0,0,4,0.0
1974,DarkDustox F,946,4,0,4,0,0.0
1975,DarkDuskull F,946,4,0,4,0,0.0
1976,ShinyTogekiss F,946,4,0,4,0,0.0
1977,GoldenHitmonchan U,1061,4,4,0,0,1.0
1978,DarkRoserade M,954,4,0,4,0,0.0
1979,ShinyGlaceon U,1008,8,4,4,0,0.5
1980,DarkLapras M,946,4,0,4,0,0.0
1981,Mareep F,946,4,0,4,0,0.0
1982,ShinyMienshao M,1053,4,4,0,0,1.0
1983,DarkWeepinbell F,946,4,0,4,0,0.0
1984,ShinyAggron M,991,4,0,0,4,0.0
1985,Delibird U,1053,4,4,0,0,1.0
1986,DarkVivillon (Pokeball) M,1053,4,4,0,0,1.0
1987,ShinyMamoswine F,1000,4,0,0,4,0.0
1988,GoldenEspurr F,1008,8,4,4,0,0.5
1989,Froakie M,946,4,0,4,0,0.0
1990,GoldenBlastoise F,946,4,0,4,0,0.0
1991,DarkUnownM G,1000,4,0,0,4,0.0
1992,ShinyGolbat M,1008,4,0,0,4,0.0
1993,Exploud M,1007,4,0,0,4,0.0
1994,DarkFennekin F,953,4,0,4,0,0.0
1995,ShinyHoundour M,1014,8,4,4,0,0.5
1996,ShinyDewgong M,1091,8,8,0,0,1.0
1997,ShinyCroagunk M,946,4,0,4,0,0.0
1998,ShinyVenonat F,1000,4,0,0,4,0.0
1999,DarkPangoro F,946,4,0,4,0,0.0
2000,DarkMusharna M,946,4,0,4,0,0.0
2001,Bellsprout M,946,4,0,4,0,0.0
2002,Floette F,946,4,0,4,0,0.0
2003,Spritzee F,938,4,0,4,0,0.0
2004,GoldenMawile U,1099,8,8,0,0,1.0
2005,DarkVibrava M,954,4,0,4,0,0.0
2006,ShinyZorua F,1053,4,4,0,0,1.0
2007,Pansage M,1000,4,0,0,4,0.0
2008,ShinyRaichu M,946,4,0,4,0,0.0
2009,GoldenBeedrill F,1061,4,4,0,0,1.0
2010,GoldenDelibird U,1099,8,8,0,0,1.0
2011,DarkBurmy (Trash) M,1053,4,4,0,0,1.0
2012,ShinyMantyke F,1053,4,4,0,0,1.0
2013,DarkRhydon M,938,4,0,4,0,0.0
2014,Jumpluff U,1045,4,4,0,0,1.0
2015,ShinyRhydon F,1000,4,0,0,4,0.0
2016,GoldenLotad F,1053,4,4,0,0,1.0
2017,ShinySkorupi F,946,4,0,4,0,0.0
2018,ShinyRhyhorn F,1000,4,0,0,4,0.0
2019,DarkLitten F,946,4,0,4,0,0.0
2020,ShinyWhimsicott F,1053,8,4,0,4,0.5
2021,Barboach F,948,4,0,4,0,0.0
2022,Emolga M,946,4,0,4,0,0.0
2023,GoldenJolteon U,1045,4,4,0,0,1.0
2024,GoldenLycanroc (Midday) F,946,4,0,4,0,0.0
2025,ShinyTorchic F,986,4,0,0,4,0.0
2026,DarkLugia G,946,4,0,4,0,0.0
2027,Cutiefly F,946,4,0,4,0,0.0
2028,DarkUnownW G,946,4,0,4,0,0.0
2029,DarkGyarados F,946,4,0,4,0,0.0
2030,DarkOddish F,1000,4,0,0,4,0.0
2031,Ambipom U,946,4,0,4,0,0.0
2032,ShinyGiratina (Altered) G,1053,4,4,0,0,1.0
2033,Poliwrath U,1053,4,4,0,0,1.0
2034,ShinyBuizel F,1053,4,4,0,0,1.0
2035,DarkCroagunk F,1053,4,4,0,0,1.0
2036,Oddish M,1000,4,0,0,4,0.0
2037,ShinyJolteon F,1053,4,4,0,0,1.0
2038,DarkMankey M,954,4,0,4,0,0.0
2039,GoldenKingler F,1053,4,4,0,0,1.0
2040,Cottonee F,1000,4,0,0,4,0.0
2041,DarkRhyperior U,1045,4,4,0,0,1.0
2042,GoldenTepig M,1045,4,4,0,0,1.0
2043,Leavanny M,959,4,0,4,0,0.0
2044,ShinyTorterra M,946,4,0,4,0,0.0
2045,Marowak F,954,4,0,4,0,0.0
2046,Paras M,931,4,0,4,0,0.0
2047,Marowak M,946,4,0,4,0,0.0
2048,ShinyTepig F,1053,4,4,0,0,1.0
2049,Sentret F,991,4,0,0,4,0.0
2050,DarkRowlet F,946,4,0,4,0,0.0
2051,Slowking M,1000,4,0,0,4,0.0
2052,GoldenLugia U,1092,8,8,0,0,1.0
2053,ShinySandshrew U,1053,4,4,0,0,1.0
2054,DarkIllumise F,1000,8,0,0,8,0.0
2055,Swinub U,1000,4,0,0,4,0.0
2056,Heracross G,1061,4,4,0,0,1.0
2057,ShinyPoliwag M,946,4,0,4,0,0.0
2058,DarkSpinda F,1000,4,0,0,4,0.0
2059,ShinyUnownE G,946,4,0,4,0,0.0
2060,DarkWhismur M,991,4,0,0,4,0.0
2061,DarkLairon M,1000,4,0,0,4,0.0
2062,Grumpig U,1000,4,0,0,4,0.0
2063,Rayquaza U,1053,4,4,0,0,1.0
2064,ShinySceptile F,946,4,0,4,0,0.0
2065,Heliolisk M,954,4,0,4,0,0.0
2066,GoldenSalamence U,1053,4,4,0,0,1.0
2067,ShinyChimecho F,946,4,0,4,0,0.0
2068,DarkDhelmise G,1000,8,0,0,8,0.0
2069,ShinyTaillow F,1000,4,0,0,4,0.0
2070,ShinyAlakazam M,1000,4,0,0,4,0.0
2071,Kabutops U,991,4,0,0,4,0.0
2072,DarkHaunter F,1000,4,0,0,4,0.0
2073,ShinyFennekin M,1000,4,0,0,4,0.0
2074,DarkClamperl M,946,4,0,4,0,0.0
2075,Hitmonlee M,1000,4,0,0,4,0.0
2076,DarkMachoke F,1008,4,0,0,4,0.0
2077,UnownS G,954,4,0,4,0,0.0
2078,DarkWartortle M,1008,4,0,0,4,0.0
2079,ShinyRelicanth M,1000,4,0,0,4,0.0
2080,ShinyRowlet F,1000,4,0,0,4,0.0
2081,Horsea U,991,4,0,0,4,0.0
2082,DarkArchen M,1000,4,0,0,4,0.0
2083,DarkBasculin (Red-Striped) M,991,4,0,0,4,0.0
2084,ShinyVivillon (Savannah) M,1000,4,0,0,4,0.0
2085,ShinyExeggcute M,946,4,0,4,0,0.0
2086,ShinyVivillon (River) M,946,4,0,4,0,0.0
2087,Houndour G,1000,4,0,0,4,0.0
2088,ShinyNoctowl F,1000,4,0,0,4,0.0
2089,DarkTangrowth F,993,8,0,0,8,0.0
2090,ShinyFlaaffy U,1000,4,0,0,4,0.0
2091,ShinyMudbray F,1008,4,0,0,4,0.0
2092,ShinyStaryu G,1061,4,4,0,0,1.0
2093,UnownU G,1000,8,0,0,8,0.0
2094,Inkay F,1000,4,0,0,4,0.0
2095,Croconaw M,946,4,0,4,0,0.0
2096,DarkSlaking F,1000,4,0,0,4,0.0
2097,ShinyPikachu G,1053,4,4,0,0,1.0
2098,Bellossom G,1045,4,4,0,0,1.0
2099,DarkVivillon (Elegant) F,1000,4,0,0,4,0.0
2100,Slakoth F,946,4,0,4,0,0.0
2101,Exploud F,955,4,0,4,0,0.0
2102,ShinyDoduo F,946,4,0,4,0,0.0
2103,UnownE U,990,4,0,0,4,0.0
2104,Vivillon (Archipelago) F,1000,4,0,0,4,0.0
2105,GoldenBagon U,1008,4,0,0,4,0.0
2106,GoldenGlaceon F,1053,4,4,0,0,1.0
2107,Sandshrew (Alola) F,1000,4,0,0,4,0.0
2108,ShinyVivillon (Tundra) F,946,4,0,4,0,0.0
2109,ShinyBibarel M,1000,4,0,0,4,0.0
2110,ShinyFurret M,1008,4,0,0,4,0.0
2111,ShinyMusharna F,1000,4,0,0,4,0.0
2112,Bastiodon M,1000,4,0,0,4,0.0
2113,DarkChespin F,991,4,0,0,4,0.0
2114,ShinyYanmega M,991,4,0,0,4,0.0
2115,Growlithe M,954,4,0,4,0,0.0
2116,Togepi U,1000,4,0,0,4,0.0
2117,DarkVivillon (River) M,991,4,0,0,4,0.0
2118,DarkUnown%3F G,1000,4,0,0,4,0.0
2119,ShinyBastiodon M,1008,4,0,0,4,0.0
2120,DarkJynx F,938,4,0,4,0,0.0
2121,GoldenMilotic F,946,4,0,4,0,0.0
2122,Whimsicott M,1000,4,0,0,4,0.0
2123,DarkHorsea F,1007,4,0,0,4,0.0
2124,GoldenMunna F,1053,4,4,0,0,1.0
2125,DarkPonyta M,1000,4,0,0,4,0.0
2126,Gardevoir M,1000,4,0,0,4,0.0
2127,DarkMantine M,1000,4,0,0,4,0.0
2128,Flab%C3%A9b%C3%A9 F,1000,4,0,0,4,0.0
2129,GoldenMawile F,1053,4,4,0,0,1.0
2130,DarkGoomy F,946,4,0,4,0,0.0
2131,Sunkern F,1000,4,0,0,4,0.0
2132,Golduck F,951,12,0,4,8,0.0
2133,DarkCaterpie F,938,4,0,4,0,0.0
2134,Togedemaru M,946,4,0,4,0,0.0
2135,GoldenQuagsire M,1053,4,4,0,0,1.0
2136,GoldenMrMime M,1099,8,8,0,0,1.0
2137,Crustle F,946,4,0,4,0,0.0
2138,Mudsdale F,1008,4,0,0,4,0.0
2139,GoldenTyrogue G,1053,4,4,0,0,1.0
2140,GoldenCharizard F,1053,4,4,0,0,1.0
2141,ShinyTrapinch F,1000,4,0,0,4,0.0
2142,Mightyena M,946,4,0,4,0,0.0
2143,Corphish U,1000,4,0,0,4,0.0
2144,DarkKecleon F,1000,4,0,0,4,0.0
2145,ShinyRoserade F,1000,4,0,0,4,0.0
2146,ShinyKingdra M,1000,4,0,0,4,0.0
2147,DarkPhanpy M,1008,4,0,0,4,0.0
2148,Sealeo M,991,4,0,0,4,0.0
2149,ShinyTalonflame M,1000,4,0,0,4,0.0
2150,ShinyGrovyle F,1000,4,0,0,4,0.0
2151,UnownZ G,946,4,0,4,0,0.0
2152,DarkFarfetchd F,946,4,0,4,0,0.0
2153,ShinyGligar M,1000,4,0,0,4,0.0
2154,Drifloon F,1000,4,0,0,4,0.0
2155,DarkShieldon F,1000,4,0,0,4,0.0
2156,DarkZigzagoon M,1007,4,0,0,4,0.0
2157,Nincada M,1000,4,0,0,4,0.0
2158,DarkHoopa (Confined) G,1053,4,4,0,0,1.0
2159,DarkZorua F,998,4,0,0,4,0.0
2160,Eelektross M,990,4,0,0,4,0.0
2161,DarkUnownX G,1000,4,0,0,4,0.0
2162,HootHoot U,1053,4,4,0,0,1.0
2163,GoldenCharmander M,1053,4,4,0,0,1.0
2164,DarkBlaziken F,1000,4,0,0,4,0.0
2165,Dwebble F,1000,4,0,0,4,0.0
2166,ShinyArcheops F,1000,4,0,0,4,0.0
2167,Gliscor U,1000,4,0,0,4,0.0
2168,GoldenVivillon (Monsoon) M,1061,4,4,0,0,1.0
2169,DarkUnownB G,1053,4,4,0,0,1.0
2170,DarkScyther M,1061,4,4,0,0,1.0
2171,DarkKarrablast M,1054,4,4,0,0,1.0
2172,GoldenPoliwrath M,946,4,0,4,0,0.0
2173,Slowbro F,1053,4,4,0,0,1.0
2174,Garbodor F,1053,4,4,0,0,1.0
2175,ShinyMiltank U,946,4,0,4,0,0.0
2176,Ribombee F,1053,4,4,0,0,1.0
2177,ShinyBulbasaur F,1053,4,4,0,0,1.0
2178,ShinyRaichu (Alola) M,1053,4,4,0,0,1.0
2179,GoldenPikachu U,1053,4,4,0,0,1.0
2180,Gumshoos F,908,8,0,8,0,0.0
2181,Dewgong U,946,4,0,4,0,0.0
2182,ShinyMurkrow M,946,4,0,4,0,0.0
2183,DarkMaractus F,991,8,4,4,0,0.5
2184,Vivillon (Highplains) M,946,4,0,4,0,0.0
2185,Popplio F,946,4,0,4,0,0.0
2186,GoldenLitten M,1132,12,12,0,0,1.0
2187,ShinySandygast M,1053,4,4,0,0,1.0
2188,GoldenDecidueye M,1053,4,4,0,0,1.0
2189,Pyroar F,954,4,0,4,0,0.0
2190,ShinyWhirlipede M,954,4,0,4,0,0.0
2191,ShinyCastform (Snowy) M,955,4,0,4,0,0.0
2192,DarkSuicune G,1053,4,4,0,0,1.0
2193,GoldenWeedle U,1053,4,4,0,0,1.0
2194,Skuntank F,946,4,0,4,0,0.0
2195,ShinyVenipede M,946,4,0,4,0,0.0
2196,Bunnelby F,946,4,0,4,0,0.0
2197,DarkVivillon (Pokeball) F,1068,4,4,0,0,1.0
2198,DarkEelektrik F,1052,4,4,0,0,1.0
2199,Gloom M,1000,4,0,0,4,0.0
2200,DarkCubchoo M,1053,4,4,0,0,1.0
2201,GoldenOmanyte M,1053,4,4,0,0,1.0
2202,Accelgor F,992,4,0,0,4,0.0
2203,GoldenKirlia M,1053,4,4,0,0,1.0
2204,DarkMareep F,1061,8,4,0,4,0.5
2205,Abra U,1045,4,4,0,0,1.0
2206,ShinyMothim M,1053,4,4,0,0,1.0
2207,DarkSunkern M,946,4,0,4,0,0.0
2208,GoldenVenusaur M,1053,4,4,0,0,1.0
2209,GoldenMeowstic M,1053,4,4,0,0,1.0
2210,DarkTaillow F,954,4,0,4,0,0.0
2211,GoldenYveltal G,1045,4,4,0,0,1.0
2212,ShinyKrookodile F,1053,4,4,0,0,1.0
2213,GoldenMagnemite G,1053,4,4,0,0,1.0
2214,Vanilluxe M,1000,4,0,0,4,0.0
2215,DarkBoldore M,1053,4,4,0,0,1.0
2216,DarkSpinarak F,1045,4,4,0,0,1.0
2217,DarkWoobat F,946,4,0,4,0,0.0
2218,Steelix U,1053,4,4,0,0,1.0
2219,DarkSwellow M,1053,4,4,0,0,1.0
2220,DarkPineco M,1053,4,4,0,0,1.0
2221,Dewott M,946,4,0,4,0,0.0
2222,DarkMewtwo G,946,4,0,4,0,0.0
2223,DarkChikorita F,1053,4,4,0,0,1.0
2224,DarkPorygon-Z G,1053,4,4,0,0,1.0
2225,DarkSigilyph M,946,4,0,4,0,0.0
2226,GoldenSylveon U,1053,4,4,0,0,1.0
2227,DarkArcheops M,1053,4,4,0,0,1.0
2228,ShinyGreninja F,1069,4,4,0,0,1.0
2229,Quagsire M,946,4,0,4,0,0.0
2230,GoldenMantine U,1053,4,4,0,0,1.0
2231,GoldenExeggcute F,1053,4,4,0,0,1.0
2232,ShinyShiftry M,1014,4,0,0,4,0.0
2233,ShinyTyphlosion U,1060,4,4,0,0,1.0
2234,Beheeyem M,946,4,0,4,0,0.0
2235,Granbull M,931,4,0,4,0,0.0
2236,DarkPinsir F,1053,4,4,0,0,1.0
2237,Horsea M,946,4,0,4,0,0.0
2238,DarkBisharp M,1053,4,4,0,0,1.0
2239,DarkFletchinder F,1000,4,0,0,4,0.0
2240,ShinySnorlax M,946,4,0,4,0,0.0
2241,Shelgon F,1053,4,4,0,0,1.0
2242,GoldenFrogadier F,1106,8,8,0,0,1.0
2243,Onix F,946,4,0,4,0,0.0
2244,GoldenGrowlithe F,1053,4,4,0,0,1.0
2245,DarkFlorges F,1053,4,4,0,0,1.0
2246,Swirlix M,939,4,0,4,0,0.0
2247,Golurk G,1061,4,4,0,0,1.0
2248,Minccino M,946,4,0,4,0,0.0
2249,ShinyFearow F,938,4,0,4,0,0.0
2250,Noivern M,1053,4,4,0,0,1.0
2251,ShinyExeggutor (Alola) F,946,4,0,4,0,0.0
2252,GoldenTauros U,1045,4,4,0,0,1.0
2253,DarkRaticate M,946,4,0,4,0,0.0
2254,ShinyDonphan M,946,4,0,4,0,0.0
2255,ShinyWurmple M,1053,4,4,0,0,1.0
2256,ShinyWeezing M,946,4,0,4,0,0.0
2257,ShinyExeggutor (Alola) M,1053,4,4,0,0,1.0
2258,GoldenRampardos M,1053,4,4,0,0,1.0
2259,GoldenSudowoodo F,1045,4,4,0,0,1.0
2260,DarkMimikyu M,1053,4,4,0,0,1.0
2261,ShinyTrubbish F,954,4,0,4,0,0.0
2262,Jigglypuff F,938,4,0,4,0,0.0
2263,Slakoth U,1045,4,4,0,0,1.0
2264,GoldenRoggenrola F,1061,4,4,0,0,1.0
2265,ShinyConkeldurr M,946,4,0,4,0,0.0
2266,ShinyQwilfish M,946,4,0,4,0,0.0
2267,ShinyMinun F,1053,4,4,0,0,1.0
2268,ShinyAbra U,946,4,0,4,0,0.0
2269,Simipour M,1008,4,0,0,4,0.0
2270,Ralts U,1045,4,4,0,0,1.0
2271,DarkSnorlax F,1061,4,4,0,0,1.0
2272,ShinyRoserade M,946,4,0,4,0,0.0
2273,ShinyGorebyss M,1053,4,4,0,0,1.0
2274,Bagon G,946,4,0,4,0,0.0
2275,ShinyDragonair M,1053,4,4,0,0,1.0
2276,GoldenSudowoodo M,946,4,0,4,0,0.0
2277,ShinyWartortle M,946,4,0,4,0,0.0
2278,DarkVivillon (Monsoon) F,1053,4,4,0,0,1.0
2279,ShinyPelipper F,946,4,0,4,0,0.0
2280,Weezing U,1053,4,4,0,0,1.0
2281,Kingdra M,946,4,0,4,0,0.0
2282,DarkVulpix U,1061,4,4,0,0,1.0
2283,DarkShellos (East Sea) M,946,4,0,4,0,0.0
2284,DarkVileplume M,946,4,0,4,0,0.0
2285,Crobat U,1053,4,4,0,0,1.0
2286,Vivillon (Sandstorm) M,940,4,0,4,0,0.0
2287,ShinyIncineroar F,946,4,0,4,0,0.0
2288,Dragonite U,1053,4,4,0,0,1.0
2289,Linoone U,1053,4,4,0,0,1.0
2290,ShinyMudbray M,1053,4,4,0,0,1.0
2291,Aurorus M,946,4,0,4,0,0.0
2292,ShinyDustox U,1053,4,4,0,0,1.0
2293,ShinySwablu U,1053,4,4,0,0,1.0
2294,ShinyVivillon (Garden) M,1053,4,4,0,0,1.0
2295,ShinyPonyta M,946,4,0,4,0,0.0
2296,ShinyDrifblim M,952,4,0,4,0,0.0
2297,GoldenBraixen M,1053,4,4,0,0,1.0
2298,Malamar M,996,2,0,0,2,0.0
2299,DarkCharmander F,1024,2,2,0,0,1.0
2300,DarkHawlucha F,974,2,0,2,0,0.0
2301,Terrakion G,1000,2,0,0,2,0.0
2302,DarkTentacool U,1024,2,2,0,0,1.0
2303,Goldeen M,994,2,0,0,2,0.0
2304,GoldenIvysaur F,1029,2,2,0,0,1.0
2305,ShinyHeatran M,1029,2,2,0,0,1.0
2306,ShinyMime Jr. F,1000,2,0,0,2,0.0
2307,Slowbro M,1000,2,0,0,2,0.0
2308,ShinyRaticate M,1000,2,0,0,2,0.0
2309,DarkDrilbur M,1000,2,0,0,2,0.0
2310,DarkPidgeotto F,996,2,0,0,2,0.0
